"school","sex","age","address","famsize","Pstatus","Medu","Fedu","Mjob","Fjob","reason","guardian","traveltime","studytime","schoolsup","famsup","activities","nursery","higher","internet","romantic","famrel","freetime","goout","Dalc","Walc","health","id.p","id.m","failures.p","failures.m","paid.p","paid.m","absences.p","absences.m","G1.p","G1.m","G2.p","G2.m","G3.p","G3.m","failures","paid","absences","G1","G2","G3","alc_use","high_use","cid"
"GP","F",18,"U","GT3","A",4,4,"at_home","teacher","course","mother",2,2,"yes","no","no","yes","yes","no","no",4,3,4,1,1,3,1001,2001,0,0,"no","no",4,6,0,5,11,6,11,6,0,"no",5,2.5,8.5,8.5,1,FALSE,3001
"GP","F",17,"U","GT3","T",1,1,"at_home","other","course","father",1,2,"no","yes","no","no","yes","yes","no",5,3,3,1,1,3,1002,2002,0,0,"no","no",2,4,9,5,11,5,11,6,0,"no",3,7,8,8.5,1,FALSE,3002
"GP","F",15,"U","LE3","T",1,1,"at_home","other","other","mother",1,2,"yes","no","no","yes","yes","yes","no",4,3,2,2,3,3,1003,2003,0,3,"no","yes",6,10,12,7,13,8,12,10,1.5,"no",8,9.5,10.5,11,2.5,TRUE,3003
"GP","F",15,"U","GT3","T",4,2,"health","services","home","mother",1,3,"no","yes","yes","yes","yes","yes","yes",3,2,2,1,1,5,1004,2004,0,0,"no","yes",0,2,14,15,14,14,14,15,0,"no",1,14.5,14,14.5,1,FALSE,3004
"GP","F",16,"U","GT3","T",3,3,"other","other","home","father",1,2,"no","yes","no","yes","yes","no","no",4,3,2,1,2,5,1005,2005,0,0,"no","yes",0,4,11,6,13,10,13,10,0,"no",2,8.5,11.5,11.5,1.5,FALSE,3005
"GP","M",16,"U","LE3","T",4,3,"services","other","reputation","mother",1,2,"no","yes","yes","yes","yes","yes","no",5,4,2,1,2,5,1006,2006,0,0,"no","yes",6,10,12,15,12,15,13,15,0,"no",8,13.5,13.5,14,1.5,FALSE,3006
"GP","M",16,"U","LE3","T",2,2,"other","other","home","mother",1,2,"no","no","no","yes","yes","yes","no",4,4,4,1,1,3,1007,2007,0,0,"no","no",0,0,13,12,12,12,13,11,0,"no",0,12.5,12,12,1,FALSE,3007
"GP","F",17,"U","GT3","A",4,4,"other","teacher","home","mother",2,2,"yes","yes","no","yes","yes","no","no",4,1,4,1,1,1,1008,2008,0,0,"no","no",2,6,10,6,13,5,13,6,0,"no",4,8,9,9.5,1,FALSE,3008
"GP","M",15,"U","LE3","A",3,2,"services","other","home","mother",1,2,"no","yes","no","yes","yes","yes","no",4,2,2,1,1,1,1009,2009,0,0,"no","yes",0,0,15,16,16,18,17,19,0,"no",0,15.5,17,18,1,FALSE,3009
"GP","M",15,"U","GT3","T",3,4,"other","other","home","mother",1,2,"no","yes","yes","yes","yes","yes","no",5,5,1,1,1,5,1010,2010,0,0,"no","yes",0,0,12,14,12,15,13,15,0,"no",0,13,13.5,14,1,FALSE,3010
"GP","F",15,"U","GT3","T",4,4,"teacher","health","reputation","mother",1,2,"no","yes","no","yes","yes","yes","no",3,3,3,1,2,2,1011,2011,0,0,"no","yes",2,0,14,10,14,8,14,9,0,"no",1,12,11,11.5,1.5,FALSE,3011
"GP","F",15,"U","GT3","T",2,1,"services","other","reputation","father",3,3,"no","yes","yes","yes","yes","yes","no",5,2,2,1,1,4,1012,2012,0,0,"no","no",0,4,10,10,12,12,13,12,0,"no",2,10,12,12.5,1,FALSE,3012
"GP","M",15,"U","LE3","T",4,4,"health","services","course","father",1,1,"no","yes","yes","yes","yes","yes","no",4,3,3,1,3,5,1013,2013,0,0,"no","yes",0,2,12,14,13,14,12,14,0,"no",1,13,13.5,13,2,FALSE,3013
"GP","M",15,"U","GT3","T",4,3,"teacher","other","course","mother",2,2,"no","yes","no","yes","yes","yes","no",5,4,3,1,2,3,1014,2014,0,0,"no","yes",0,2,12,10,12,10,13,11,0,"no",1,11,11,12,1.5,FALSE,3014
"GP","M",15,"U","GT3","A",2,2,"other","other","home","other",1,3,"no","yes","no","yes","yes","yes","yes",4,5,2,1,1,3,1015,2015,0,0,"no","no",0,0,14,14,14,16,15,16,0,"no",0,14,15,15.5,1,FALSE,3015
"GP","F",16,"U","GT3","T",4,4,"health","other","home","mother",1,1,"no","yes","no","yes","yes","yes","no",4,4,4,1,2,2,1016,2016,0,0,"no","no",6,4,17,14,17,14,17,14,0,"no",5,15.5,15.5,15.5,1.5,FALSE,3016
"GP","F",16,"U","GT3","T",4,4,"services","services","reputation","mother",1,3,"no","yes","yes","yes","yes","yes","no",3,2,3,1,2,2,1017,2017,0,0,"no","yes",10,6,13,13,13,14,14,14,0,"no",8,13,13.5,14,1.5,FALSE,3017
"GP","F",16,"U","GT3","T",3,3,"other","other","reputation","mother",3,2,"yes","yes","yes","yes","yes","no","no",5,3,2,1,1,4,1018,2018,0,0,"no","no",2,4,13,8,14,10,14,10,0,"no",3,10.5,12,12,1,FALSE,3018
"GP","M",17,"U","GT3","T",3,2,"services","services","course","mother",1,1,"no","yes","yes","yes","yes","yes","no",5,5,5,2,4,5,1019,2019,3,3,"yes","no",2,16,8,6,8,5,7,5,3,"no",9,7,6.5,6,3,TRUE,3019
"GP","M",16,"U","LE3","T",4,3,"health","other","home","father",1,1,"no","no","yes","yes","yes","yes","no",3,1,3,1,3,5,1020,2020,0,0,"no","yes",6,4,12,8,12,10,12,10,0,"no",5,10,11,11,2,FALSE,3020
"GP","M",15,"U","GT3","T",4,3,"teacher","other","reputation","mother",1,2,"no","no","no","yes","yes","yes","no",4,4,1,1,1,1,1021,2021,0,0,"no","no",0,0,12,13,13,14,14,15,0,"no",0,12.5,13.5,14.5,1,FALSE,3021
"GP","M",15,"U","GT3","T",4,4,"health","health","other","father",1,1,"no","yes","no","yes","yes","yes","no",5,4,2,1,1,5,1022,2022,0,0,"yes","yes",0,0,11,12,12,15,12,15,0,"no",0,11.5,13.5,13.5,1,FALSE,3022
"GP","M",16,"U","LE3","T",4,2,"teacher","other","course","mother",1,2,"no","no","yes","yes","yes","yes","no",4,5,1,1,3,5,1023,2023,0,0,"no","no",0,2,12,15,13,15,14,16,0,"no",1,13.5,14,15,2,FALSE,3023
"GP","M",16,"U","LE3","T",2,2,"other","other","reputation","mother",2,2,"no","yes","yes","yes","yes","yes","no",5,4,4,2,4,5,1024,2024,0,0,"no","no",2,0,10,13,10,13,10,12,0,"no",1,11.5,11.5,11,3,TRUE,3024
"GP","F",15,"R","GT3","T",2,4,"services","health","course","mother",1,3,"yes","yes","yes","yes","yes","yes","no",4,3,2,1,1,5,1025,2025,0,0,"no","yes",2,2,10,10,11,9,10,8,0,"no",2,10,10,9,1,FALSE,3025
"GP","F",16,"U","GT3","T",2,2,"services","services","home","mother",1,1,"no","yes","no","no","yes","yes","no",1,2,2,1,3,5,1026,2026,0,2,"no","yes",6,14,10,6,11,9,12,8,1,"no",10,8,10,10,2,FALSE,3026
"GP","M",15,"U","GT3","T",2,2,"other","other","home","mother",1,1,"no","yes","no","yes","yes","yes","no",4,2,2,1,2,5,1027,2027,0,0,"no","yes",8,2,11,12,12,12,12,11,0,"no",5,11.5,12,11.5,1.5,FALSE,3027
"GP","M",15,"U","GT3","T",4,2,"health","services","other","mother",1,1,"no","no","no","yes","yes","yes","no",2,2,4,2,4,1,1028,2028,0,0,"no","yes",0,4,11,15,11,16,11,15,0,"no",2,13,13.5,13,3,TRUE,3028
"GP","M",16,"U","LE3","A",3,4,"services","other","home","mother",1,2,"yes","yes","yes","yes","yes","yes","no",5,3,3,1,1,5,1029,2029,0,0,"yes","no",2,4,12,11,12,11,13,11,0,"no",3,11.5,11.5,12,1,FALSE,3029
"GP","M",16,"U","GT3","T",4,4,"teacher","teacher","home","mother",1,2,"no","yes","yes","yes","yes","yes","yes",4,4,5,5,5,5,1030,2030,0,0,"yes","yes",4,16,12,10,11,12,12,11,0,"no",10,11,11.5,11.5,5,TRUE,3030
"GP","M",15,"U","GT3","T",4,4,"health","services","home","mother",1,2,"no","yes","no","no","yes","yes","no",5,4,2,3,4,5,1031,2031,0,0,"yes","yes",0,0,10,9,11,11,11,12,0,"no",0,9.5,11,11.5,3.5,TRUE,3031
"GP","M",15,"U","GT3","T",4,4,"services","services","reputation","mother",2,2,"no","yes","yes","yes","yes","yes","no",4,3,1,1,1,5,1032,2032,0,0,"no","no",2,0,15,17,15,16,15,17,0,"no",1,16,15.5,16,1,FALSE,3032
"GP","M",15,"R","GT3","T",4,3,"teacher","at_home","course","mother",1,2,"no","yes","yes","yes","yes","yes","yes",4,5,2,1,1,5,1033,2033,0,0,"no","no",0,0,13,17,14,16,15,16,0,"no",0,15,15,15.5,1,FALSE,3033
"GP","M",15,"U","LE3","T",3,3,"other","other","course","mother",1,2,"no","no","yes","no","yes","yes","no",5,3,2,1,1,2,1034,2034,0,0,"no","no",0,0,13,8,12,10,12,12,0,"no",0,10.5,11,12,1,FALSE,3034
"GP","M",16,"U","GT3","T",3,2,"other","other","home","mother",1,1,"no","yes","no","no","yes","yes","no",5,4,3,1,1,5,1035,2035,0,0,"no","yes",4,0,12,12,12,14,12,15,0,"no",2,12,13,13.5,1,FALSE,3035
"GP","F",15,"U","GT3","T",2,3,"other","other","other","father",2,1,"no","yes","yes","yes","yes","no","no",3,5,1,1,1,5,1036,2036,0,0,"no","no",4,0,11,8,11,7,11,6,0,"no",2,9.5,9,8.5,1,FALSE,3036
"GP","M",15,"U","LE3","T",4,3,"teacher","services","home","mother",1,3,"no","yes","yes","yes","yes","yes","no",5,4,3,1,1,4,1037,2037,0,0,"no","no",0,2,14,15,14,16,14,18,0,"no",1,14.5,15,16,1,FALSE,3037
"GP","M",16,"R","GT3","A",4,4,"other","teacher","reputation","mother",2,3,"no","yes","yes","yes","yes","yes","yes",2,4,3,1,1,5,1038,2038,0,0,"no","no",4,7,13,15,13,16,13,15,0,"no",5.5,14,14.5,14,1,FALSE,3038
"GP","F",15,"R","GT3","T",3,4,"services","health","course","mother",1,3,"yes","yes","yes","yes","yes","yes","no",4,3,2,1,1,5,1039,2039,0,0,"no","yes",2,2,11,12,12,12,12,11,0,"no",2,11.5,12,11.5,1,FALSE,3039
"GP","F",15,"R","GT3","T",2,2,"at_home","other","reputation","mother",1,1,"yes","yes","yes","yes","yes","no","no",4,3,1,1,1,2,1040,2040,0,0,"no","yes",8,8,14,14,13,13,12,13,0,"no",8,14,13,12.5,1,FALSE,3040
"GP","F",16,"U","LE3","T",2,2,"other","other","home","mother",2,2,"no","yes","yes","no","yes","yes","yes",3,3,3,1,2,3,1041,2041,0,1,"no","no",16,25,11,7,11,10,10,11,0.5,"no",20.5,9,10.5,10.5,1.5,FALSE,3041
"GP","M",15,"U","LE3","T",4,4,"teacher","other","home","other",1,1,"no","yes","no","no","yes","yes","yes",5,4,3,2,4,5,1042,2042,0,0,"no","no",8,8,10,12,11,12,11,12,0,"no",8,11,11.5,11.5,3,TRUE,3042
"GP","M",15,"U","GT3","T",4,4,"services","teacher","course","father",1,2,"no","yes","yes","yes","yes","yes","no",4,3,3,1,1,5,1043,2043,0,0,"no","no",0,2,14,19,15,18,15,18,0,"no",1,16.5,16.5,16.5,1,FALSE,3043
"GP","M",15,"U","GT3","T",2,2,"services","services","course","father",1,1,"yes","yes","no","yes","yes","yes","no",5,4,1,1,1,1,1044,2044,0,0,"no","no",0,0,9,8,10,8,10,11,0,"no",0,8.5,9,10.5,1,FALSE,3044
"GP","F",16,"U","LE3","T",2,2,"other","at_home","course","father",2,2,"yes","no","yes","yes","yes","yes","no",4,3,3,2,2,5,1045,2045,1,1,"no","no",14,14,10,10,11,10,11,9,1,"no",14,10,10.5,10,2,FALSE,3045
"GP","F",15,"U","LE3","A",4,3,"other","other","course","mother",1,2,"yes","yes","yes","yes","yes","yes","yes",5,2,2,1,1,5,1046,2046,0,0,"yes","yes",4,8,10,8,11,8,11,6,0,"no",6,9,9.5,8.5,1,FALSE,3046
"GP","F",16,"U","LE3","A",3,3,"other","services","home","mother",1,2,"no","yes","no","yes","yes","yes","no",2,3,5,1,4,3,1047,2047,0,0,"no","no",6,12,13,11,12,12,13,11,0,"no",9,12,12,12,2.5,TRUE,3047
"GP","M",16,"U","GT3","T",4,3,"health","services","reputation","mother",1,4,"no","no","yes","yes","yes","yes","no",4,2,2,1,1,2,1048,2048,0,0,"no","no",2,4,17,19,17,19,17,20,0,"no",3,18,18,18.5,1,FALSE,3048
"GP","M",15,"U","GT3","T",4,2,"teacher","other","home","mother",1,2,"no","yes","no","yes","yes","no","no",4,3,3,2,2,5,1049,2049,0,0,"no","yes",4,2,11,15,12,15,13,14,0,"no",3,13,13.5,13.5,2,FALSE,3049
"GP","F",15,"U","GT3","T",4,4,"services","teacher","other","father",1,2,"yes","yes","yes","no","yes","yes","no",4,4,4,1,1,3,1050,2050,0,1,"no","no",2,2,13,7,12,7,12,7,0.5,"no",2,10,9.5,9.5,1,FALSE,3050
"GP","F",16,"U","LE3","T",2,2,"services","services","course","mother",3,2,"no","yes","no","yes","yes","yes","no",4,3,3,2,3,4,1051,2051,0,0,"no","yes",0,2,14,12,13,13,13,13,0,"no",1,13,13,13,2.5,TRUE,3051
"GP","F",15,"U","LE3","T",4,2,"health","other","other","mother",1,2,"no","yes","no","yes","yes","yes","no",4,3,3,1,1,5,1052,2052,0,0,"no","yes",0,2,16,11,14,13,16,13,0,"no",1,13.5,13.5,14.5,1,FALSE,3052
"GP","M",15,"U","LE3","A",4,2,"health","health","other","father",2,1,"no","no","no","yes","yes","no","no",5,5,5,3,4,5,1053,2053,0,1,"no","no",4,6,10,11,9,11,9,10,0.5,"no",5,10.5,10,9.5,3.5,TRUE,3053
"GP","F",15,"U","GT3","T",4,4,"services","services","course","mother",1,1,"yes","yes","no","yes","yes","yes","no",3,3,4,2,3,5,1054,2054,0,0,"no","yes",0,0,13,8,12,10,12,11,0,"no",0,10.5,11,11.5,2.5,TRUE,3054
"GP","F",15,"U","LE3","A",3,3,"other","other","other","mother",1,1,"no","no","no","yes","yes","yes","no",5,3,4,4,4,1,1055,2055,0,0,"no","yes",0,6,13,10,12,13,13,13,0,"no",3,11.5,12.5,13,4,TRUE,3055
"GP","F",16,"U","GT3","A",2,1,"other","other","other","mother",1,2,"no","no","yes","yes","yes","yes","yes",5,3,4,1,1,2,1056,2056,0,0,"no","yes",2,8,12,8,13,9,12,10,0,"no",5,10,11,11,1,FALSE,3056
"GP","F",15,"U","GT3","A",4,3,"services","services","reputation","mother",1,2,"no","yes","yes","yes","yes","yes","no",4,3,2,1,1,1,1057,2057,0,0,"no","yes",0,0,15,14,14,15,15,15,0,"no",0,14.5,14.5,15,1,FALSE,3057
"GP","M",15,"U","GT3","T",4,4,"teacher","health","reputation","mother",1,2,"no","yes","yes","yes","yes","no","no",3,2,2,1,1,5,1058,2058,0,0,"no","no",8,4,15,14,15,15,16,15,0,"no",6,14.5,15,15.5,1,FALSE,3058
"GP","M",15,"U","LE3","T",1,2,"other","at_home","home","father",1,2,"yes","yes","yes","yes","yes","yes","no",4,3,2,1,1,5,1059,2059,0,0,"no","no",0,2,14,9,13,10,14,9,0,"no",1,11.5,11.5,11.5,1,FALSE,3059
"GP","F",16,"U","GT3","T",4,2,"services","other","course","mother",1,2,"no","yes","no","yes","yes","yes","no",4,2,3,1,1,5,1060,2060,0,0,"yes","no",2,2,16,15,15,16,16,16,0,"no",2,15.5,15.5,16,1,FALSE,3060
"GP","F",16,"R","GT3","T",4,4,"health","teacher","other","mother",1,2,"no","yes","yes","yes","yes","no","no",2,4,4,2,3,4,1061,2061,0,0,"no","no",0,6,17,10,16,11,16,11,0,"no",3,13.5,13.5,13.5,2.5,TRUE,3061
"GP","F",16,"U","GT3","T",1,1,"services","services","course","father",4,1,"yes","yes","yes","no","yes","yes","yes",5,5,5,5,5,5,1062,2062,0,0,"no","no",0,6,10,10,10,8,16,11,0,"no",3,10,9,13.5,5,TRUE,3062
"GP","F",16,"U","LE3","T",1,2,"other","services","reputation","father",1,2,"yes","no","yes","yes","yes","yes","no",4,4,3,1,1,1,1063,2063,0,0,"no","no",0,4,13,8,13,10,10,9,0,"no",2,10.5,11.5,9.5,1,FALSE,3063
"GP","F",16,"U","GT3","T",4,3,"teacher","health","home","mother",1,3,"yes","yes","yes","yes","yes","yes","no",3,4,4,2,4,4,1064,2064,0,0,"no","yes",0,2,14,10,13,9,13,9,0,"no",1,12,11,11,3,TRUE,3064
"GP","F",15,"U","LE3","T",4,3,"services","services","reputation","father",1,2,"yes","no","yes","yes","yes","yes","yes",4,4,4,2,4,2,1065,2065,0,0,"no","no",0,0,13,10,12,10,12,10,0,"no",0,11.5,11,11,3,TRUE,3065
"GP","F",16,"U","LE3","T",4,3,"teacher","services","course","mother",3,2,"no","yes","yes","yes","yes","yes","no",5,4,3,1,2,1,1066,2066,0,0,"no","no",2,2,16,16,15,15,16,15,0,"no",2,16,15,15.5,1.5,FALSE,3066
"GP","M",15,"U","GT3","A",4,4,"other","services","reputation","mother",1,4,"no","yes","yes","no","yes","yes","yes",1,3,3,5,5,3,1067,2067,0,0,"no","no",0,4,11,13,12,13,12,12,0,"no",2,12,12.5,12,5,TRUE,3067
"GP","F",16,"U","GT3","T",3,1,"services","other","course","mother",1,4,"yes","yes","no","yes","yes","yes","no",4,3,3,1,2,5,1068,2068,0,0,"no","yes",0,4,10,7,9,7,10,6,0,"no",2,8.5,8,8,1.5,FALSE,3068
"GP","F",15,"R","LE3","T",2,2,"health","services","reputation","mother",2,2,"yes","yes","no","yes","yes","yes","no",4,1,3,1,3,4,1069,2069,0,0,"no","yes",0,2,11,8,10,9,11,8,0,"no",1,9.5,9.5,9.5,2,FALSE,3069
"GP","F",15,"R","LE3","T",3,1,"other","other","reputation","father",2,4,"no","yes","no","no","yes","yes","no",4,4,2,2,3,3,1070,2070,0,0,"no","no",6,12,15,16,15,16,15,16,0,"no",9,15.5,15.5,15.5,2.5,TRUE,3070
"GP","M",16,"U","GT3","T",3,1,"other","other","reputation","father",2,4,"no","yes","no","yes","yes","yes","no",4,3,2,1,1,5,1071,2071,0,0,"no","yes",2,0,13,13,11,15,11,15,0,"no",1,13,13,13,1,FALSE,3071
"GP","M",15,"U","GT3","T",4,2,"other","other","course","mother",1,4,"no","no","no","yes","yes","yes","no",3,3,3,1,1,3,1072,2072,0,0,"no","no",0,0,11,10,9,10,10,10,0,"no",0,10.5,9.5,10,1,FALSE,3072
"GP","F",15,"R","GT3","T",1,1,"other","other","reputation","mother",1,2,"yes","yes","no","no","yes","yes","yes",3,3,4,2,4,5,1073,2073,0,2,"no","no",2,2,13,8,11,6,11,5,1,"no",2,10.5,8.5,8,3,TRUE,3073
"GP","M",16,"U","GT3","T",3,1,"other","other","reputation","mother",1,1,"no","no","yes","yes","yes","no","no",5,3,2,2,2,5,1074,2074,0,0,"no","no",0,2,13,12,13,12,14,14,0,"no",1,12.5,12.5,14,2,FALSE,3074
"GP","F",16,"U","GT3","T",3,3,"other","services","home","mother",1,2,"yes","yes","yes","yes","yes","yes","no",4,3,3,2,4,5,1075,2075,0,0,"no","yes",4,54,11,11,11,12,11,11,0,"no",29,11,11.5,11,3,TRUE,3075
"GP","M",15,"U","GT3","T",4,3,"teacher","other","home","mother",1,2,"no","yes","yes","yes","yes","yes","no",4,3,3,2,3,5,1076,2076,0,0,"no","yes",0,6,11,9,11,9,11,10,0,"no",3,10,10,10.5,2.5,TRUE,3076
"GP","M",15,"U","GT3","T",4,0,"teacher","other","course","mother",2,4,"no","no","yes","yes","yes","yes","no",3,4,3,1,1,1,1077,2077,0,0,"no","no",0,8,12,11,11,11,11,10,0,"no",4,11.5,11,10.5,1,FALSE,3077
"GP","F",16,"U","GT3","T",2,2,"other","other","reputation","mother",1,4,"no","no","no","yes","yes","yes","yes",5,2,3,1,3,3,1078,2078,0,0,"no","yes",1,0,13,11,13,11,13,11,0,"no",0.5,12,12,12,2,FALSE,3078
"GP","M",17,"U","GT3","T",2,1,"other","other","home","mother",2,1,"yes","yes","yes","yes","no","yes","no",4,5,1,1,1,3,1079,2079,3,3,"no","no",0,2,9,8,9,8,10,10,3,"no",1,8.5,8.5,10,1,FALSE,3079
"GP","F",16,"U","GT3","T",3,4,"at_home","other","course","mother",1,2,"no","yes","no","yes","yes","yes","no",2,4,3,1,2,3,1080,2080,0,0,"no","no",14,12,12,5,11,5,11,5,0,"no",13,8.5,8,8,1.5,FALSE,3080
"GP","M",15,"U","GT3","T",2,3,"other","services","course","father",1,1,"yes","yes","yes","no","yes","yes","yes",3,2,2,1,3,3,1081,2081,0,0,"no","yes",0,2,11,10,11,12,12,12,0,"no",1,10.5,11.5,12,2,FALSE,3081
"GP","M",15,"U","GT3","T",2,3,"other","other","home","mother",1,3,"yes","no","no","no","yes","yes","no",5,3,2,1,2,5,1082,2082,0,0,"no","yes",2,4,10,11,9,10,9,11,0,"no",3,10.5,9.5,10,1.5,FALSE,3082
"GP","F",15,"U","LE3","T",3,2,"services","other","reputation","mother",1,2,"no","yes","no","yes","yes","yes","no",4,4,4,1,1,5,1083,2083,0,0,"no","yes",4,10,12,7,11,6,11,6,0,"no",7,9.5,8.5,8.5,1,FALSE,3083
"GP","M",15,"U","LE3","T",2,2,"services","services","home","mother",2,2,"no","no","yes","yes","yes","yes","no",5,3,3,1,3,4,1084,2084,0,0,"yes","yes",2,4,13,15,12,15,13,15,0,"no",3,14,13.5,14,2,FALSE,3084
"GP","F",15,"U","GT3","T",1,1,"other","other","home","father",1,2,"no","yes","yes","no","yes","yes","no",4,3,2,2,3,4,1085,2085,0,0,"no","no",2,2,13,9,12,10,12,10,0,"no",2,11,11,11,2.5,TRUE,3085
"GP","F",15,"U","GT3","T",4,4,"services","services","reputation","father",2,2,"no","no","no","yes","yes","yes","yes",4,4,4,2,3,5,1086,2086,0,2,"no","yes",4,6,12,7,11,9,12,8,1,"no",5,9.5,10,10,2.5,TRUE,3086
"GP","F",16,"U","LE3","T",2,2,"at_home","other","course","mother",1,2,"no","yes","no","yes","yes","no","no",4,3,4,1,2,2,1087,2087,0,0,"no","no",6,4,13,8,11,7,11,6,0,"no",5,10.5,9,8.5,1.5,FALSE,3087
"GP","F",15,"U","GT3","T",4,2,"other","other","reputation","mother",1,3,"no","yes","yes","yes","yes","yes","no",5,3,3,1,3,1,1088,2088,0,0,"no","no",4,4,15,13,15,14,15,14,0,"no",4,14,14.5,14.5,2,FALSE,3088
"GP","M",16,"U","GT3","T",2,2,"services","other","reputation","father",2,2,"no","no","yes","no","yes","yes","no",4,4,2,1,1,3,1089,2089,0,1,"no","yes",6,12,12,11,10,10,11,10,0.5,"no",9,11.5,10,10.5,1,FALSE,3089
"GP","M",16,"U","LE3","A",4,4,"teacher","health","reputation","mother",1,2,"no","yes","no","yes","yes","no","no",4,1,3,3,5,5,1090,2090,0,0,"no","no",6,18,9,8,9,6,10,7,0,"no",12,8.5,7.5,8.5,4,TRUE,3090
"GP","F",16,"U","GT3","T",3,3,"other","other","home","mother",1,3,"no","yes","no","yes","yes","yes","yes",4,3,3,1,3,4,1091,2091,0,0,"no","yes",2,0,9,7,11,7,11,8,0,"no",1,8,9,9.5,2,FALSE,3091
"GP","F",15,"U","GT3","T",4,3,"services","other","reputation","mother",1,1,"no","no","yes","yes","yes","yes","no",4,5,5,1,3,1,1092,2092,0,0,"no","yes",6,4,14,16,13,17,13,18,0,"no",5,15,15,15.5,2,FALSE,3092
"GP","F",16,"U","LE3","T",3,1,"other","other","home","father",1,2,"yes","yes","no","yes","yes","no","no",3,3,3,2,3,2,1093,2093,0,0,"no","no",0,4,12,7,13,6,12,6,0,"no",2,9.5,9.5,9,2.5,TRUE,3093
"GP","F",16,"U","GT3","T",4,2,"teacher","services","home","mother",2,2,"no","yes","yes","yes","yes","yes","no",5,3,3,1,1,1,1094,2094,0,0,"no","yes",2,0,13,11,14,10,14,10,0,"no",1,12,12,12,1,FALSE,3094
"GP","M",15,"U","LE3","T",2,2,"services","health","reputation","mother",1,4,"no","yes","yes","yes","yes","yes","no",4,3,4,1,1,4,1095,2095,0,0,"no","no",2,6,11,11,12,13,12,14,0,"no",4,11,12.5,13,1,FALSE,3095
"GP","F",15,"R","GT3","T",1,1,"at_home","other","home","mother",2,4,"yes","yes","yes","yes","yes","yes","no",3,1,2,1,1,1,1096,2096,0,1,"yes","yes",4,2,13,7,13,10,13,10,0.5,"no",3,10,11.5,11.5,1,FALSE,3096
"GP","M",16,"R","GT3","T",4,3,"services","other","reputation","mother",2,1,"yes","yes","yes","no","yes","yes","no",3,3,3,1,1,4,1097,2097,0,0,"yes","no",6,2,9,11,11,15,11,15,0,"no",4,10,13,13,1,FALSE,3097
"GP","F",16,"U","GT3","T",2,1,"other","other","course","mother",1,2,"no","yes","no","yes","yes","no","yes",4,3,5,1,1,5,1098,2098,0,0,"no","yes",0,2,13,8,12,9,12,10,0,"no",1,10.5,10.5,11,1,FALSE,3098
"GP","F",16,"U","GT3","T",4,4,"other","other","reputation","mother",1,1,"no","no","yes","no","yes","yes","no",5,3,4,1,2,1,1099,2099,0,0,"no","no",4,6,12,11,13,14,13,14,0,"no",5,11.5,13.5,13.5,1.5,FALSE,3099
"GP","F",16,"U","GT3","T",4,3,"other","at_home","course","mother",1,3,"yes","yes","no","yes","yes","yes","no",5,3,5,1,1,3,1100,2100,0,0,"no","yes",2,0,12,7,13,9,13,8,0,"no",1,9.5,11,10.5,1,FALSE,3100
"GP","M",16,"U","GT3","T",4,4,"services","services","other","mother",1,1,"yes","yes","yes","yes","yes","yes","no",4,5,5,5,5,4,1101,2101,0,0,"no","yes",12,14,9,7,9,7,8,5,0,"no",13,8,8,6.5,5,TRUE,3101
"GP","M",16,"U","GT3","T",4,4,"services","teacher","other","father",1,3,"no","yes","yes","yes","yes","yes","yes",4,4,3,1,1,4,1102,2102,0,0,"no","no",0,0,16,16,16,17,16,17,0,"no",0,16,16.5,16.5,1,FALSE,3102
"GP","M",15,"U","GT3","T",4,4,"services","other","course","mother",1,1,"no","yes","yes","no","yes","yes","no",5,3,3,1,1,5,1103,2103,0,0,"yes","no",2,4,12,10,13,13,12,14,0,"no",3,11,13,13,1,FALSE,3103
"GP","F",15,"U","GT3","T",3,2,"services","other","home","mother",2,2,"yes","yes","no","yes","yes","yes","no",4,3,5,1,1,2,1104,2104,0,0,"no","yes",16,26,11,7,10,6,10,6,0,"no",21,9,8,8,1,FALSE,3104
"GP","M",15,"U","GT3","A",3,4,"services","other","course","mother",1,2,"no","yes","yes","yes","yes","yes","no",5,4,4,1,1,1,1105,2105,0,0,"no","yes",0,0,16,16,16,18,16,18,0,"no",0,16,17,17,1,FALSE,3105
"GP","F",15,"U","GT3","A",3,3,"other","health","reputation","father",1,4,"yes","no","no","yes","yes","no","no",4,3,3,1,1,4,1106,2106,0,0,"no","no",10,10,10,10,10,11,10,11,0,"no",10,10,10.5,10.5,1,FALSE,3106
"GP","F",15,"U","GT3","T",2,2,"other","other","course","mother",1,4,"yes","yes","no","yes","yes","yes","no",5,1,2,1,1,3,1107,2107,0,0,"no","yes",4,8,10,7,10,8,10,8,0,"no",6,8.5,9,9,1,FALSE,3107
"GP","M",16,"U","GT3","T",3,3,"services","other","home","father",1,3,"no","yes","yes","yes","yes","yes","no",5,3,3,1,1,5,1108,2108,0,0,"no","no",4,2,13,16,14,18,14,18,0,"no",3,14.5,16,16,1,FALSE,3108
"GP","M",15,"R","GT3","T",4,4,"other","other","home","father",4,4,"no","yes","yes","yes","yes","yes","yes",1,3,5,3,5,1,1109,2109,0,0,"no","yes",8,6,12,10,10,13,11,13,0,"no",7,11,11.5,12,4,TRUE,3109
"GP","F",16,"U","LE3","T",4,4,"health","health","other","mother",1,3,"no","yes","yes","yes","yes","yes","yes",5,4,5,1,1,4,1110,2110,0,0,"no","yes",2,4,15,14,15,15,14,16,0,"no",3,14.5,15,15,1,FALSE,3110
"GP","M",15,"U","LE3","A",4,4,"teacher","teacher","course","mother",1,1,"no","no","yes","yes","yes","yes","no",5,5,3,1,1,4,1111,2111,0,0,"no","no",4,6,13,18,14,19,14,19,0,"no",5,15.5,16.5,16.5,1,FALSE,3111
"GP","F",16,"R","GT3","T",3,3,"services","other","reputation","father",1,3,"yes","yes","yes","yes","yes","yes","no",4,1,2,1,1,2,1112,2112,0,1,"no","no",4,0,11,7,11,10,11,10,0.5,"no",2,9,10.5,10.5,1,FALSE,3112
"GP","F",16,"U","GT3","T",2,2,"at_home","other","home","mother",1,2,"yes","no","yes","yes","yes","yes","no",3,1,2,1,1,5,1113,2113,1,1,"no","no",12,6,8,10,10,13,10,13,1,"no",9,9,11.5,11.5,1,FALSE,3113
"GP","M",15,"U","LE3","T",4,2,"teacher","other","course","mother",1,1,"no","no","no","yes","yes","yes","no",3,5,2,1,1,3,1114,2114,0,0,"no","no",10,10,18,18,17,19,18,19,0,"no",10,18,18,18.5,1,FALSE,3114
"GP","M",15,"R","GT3","T",2,1,"health","services","reputation","mother",1,2,"no","no","yes","yes","yes","yes","yes",5,4,2,1,1,5,1115,2115,0,0,"no","no",4,8,10,9,9,9,10,9,0,"no",6,9.5,9,9.5,1,FALSE,3115
"GP","M",16,"U","GT3","T",4,4,"teacher","teacher","course","father",1,2,"no","yes","yes","yes","yes","yes","no",5,4,4,1,2,5,1116,2116,0,0,"no","no",6,2,16,15,14,15,14,16,0,"no",4,15.5,14.5,15,1.5,FALSE,3116
"GP","M",15,"U","GT3","T",4,4,"other","teacher","reputation","father",2,2,"no","yes","yes","yes","yes","no","no",4,4,3,1,1,2,1117,2117,0,0,"no","no",4,2,16,11,15,13,16,14,0,"no",3,13.5,14,15,1,FALSE,3117
"GP","M",16,"U","GT3","T",3,3,"other","services","home","father",2,1,"no","no","yes","yes","yes","yes","no",5,4,2,1,1,5,1118,2118,0,0,"no","no",6,0,14,13,14,14,15,13,0,"no",3,13.5,14,14,1,FALSE,3118
"GP","M",17,"R","GT3","T",1,3,"other","other","course","father",3,2,"no","yes","yes","yes","yes","yes","no",5,2,4,1,4,5,1119,2119,1,1,"no","no",14,20,12,9,11,7,11,8,1,"no",17,10.5,9,9.5,2.5,TRUE,3119
"GP","M",15,"U","GT3","T",3,4,"other","other","reputation","father",1,1,"no","no","no","yes","yes","yes","no",3,4,3,1,2,4,1120,2120,0,0,"no","no",2,6,14,14,13,13,14,13,0,"no",4,14,13,13.5,1.5,FALSE,3120
"GP","F",15,"U","GT3","T",1,2,"at_home","services","course","mother",1,2,"no","no","no","no","yes","yes","no",3,2,3,1,2,1,1121,2121,0,0,"no","no",0,2,14,16,14,15,14,15,0,"no",1,15,14.5,14.5,1.5,FALSE,3121
"GP","M",15,"U","GT3","T",2,2,"services","services","home","father",1,4,"no","yes","yes","yes","yes","yes","no",5,5,4,1,2,5,1122,2122,0,0,"no","yes",6,6,14,16,13,14,13,15,0,"no",6,15,13.5,14,1.5,FALSE,3122
"GP","F",16,"U","LE3","T",2,4,"other","health","course","father",2,2,"no","yes","yes","yes","yes","yes","yes",4,2,2,1,2,5,1123,2123,0,0,"no","yes",2,2,14,13,12,13,13,13,0,"no",2,13.5,12.5,13,1.5,FALSE,3123
"GP","M",16,"U","GT3","T",4,4,"health","other","course","mother",1,1,"no","yes","yes","yes","yes","yes","no",3,4,4,1,4,5,1124,2124,0,0,"no","no",4,18,12,14,13,11,13,13,0,"no",11,13,12,13,2.5,TRUE,3124
"GP","F",16,"U","GT3","T",2,2,"other","other","home","mother",1,2,"no","no","no","yes","yes","yes","yes",5,4,4,1,1,5,1125,2125,0,0,"no","yes",0,0,12,8,11,7,11,8,0,"no",0,10,9,9.5,1,FALSE,3125
"GP","M",15,"U","GT3","T",3,4,"services","services","home","father",1,1,"yes","no","no","yes","yes","yes","no",5,5,5,3,2,5,1126,2126,0,0,"no","no",2,0,9,13,9,13,9,12,0,"no",1,11,11,10.5,2.5,TRUE,3126
"GP","F",15,"U","LE3","A",3,4,"other","other","home","mother",1,2,"yes","no","yes","yes","yes","yes","yes",5,3,2,1,1,1,1127,2127,0,0,"no","no",0,0,10,7,11,10,11,11,0,"no",0,8.5,10.5,11,1,FALSE,3127
"GP","F",19,"U","GT3","T",0,1,"at_home","other","course","other",1,2,"no","yes","no","no","no","no","no",3,4,2,1,1,5,1128,2128,2,3,"no","no",0,2,9,7,10,8,11,9,2.5,"no",1,8,9,10,1,FALSE,3128
"GP","M",16,"R","GT3","T",4,4,"teacher","teacher","course","mother",1,1,"no","no","yes","yes","yes","yes","no",3,5,5,2,5,4,1129,2130,0,0,"no","yes",8,8,14,18,14,18,15,18,0,"no",8,16,16,16.5,3.5,TRUE,3129
"GP","F",15,"R","GT3","T",3,4,"services","teacher","course","father",2,3,"no","yes","no","yes","yes","yes","yes",4,2,2,2,2,5,1131,2131,0,2,"no","no",0,0,10,12,11,0,12,0,1,"no",0,11,5.5,6,2,FALSE,3130
"GP","F",15,"U","GT3","T",1,1,"at_home","other","course","mother",3,1,"no","yes","yes","no","yes","yes","yes",4,3,3,1,2,4,1134,2132,0,0,"no","no",6,0,11,8,12,0,13,0,0,"no",3,9.5,6,6.5,1.5,FALSE,3131
"GP","F",17,"U","LE3","T",2,2,"other","other","course","father",1,1,"no","yes","no","yes","yes","yes","yes",3,4,4,1,3,5,1135,2133,0,0,"no","no",2,12,13,10,12,13,12,12,0,"no",7,11.5,12.5,12,2,FALSE,3132
"GP","F",16,"U","GT3","A",3,4,"services","other","course","father",1,1,"no","no","no","yes","yes","yes","no",3,2,1,1,4,5,1136,2134,0,0,"no","no",12,16,15,12,13,11,14,11,0,"no",14,13.5,12,12.5,2.5,TRUE,3133
"GP","M",15,"R","GT3","T",3,4,"at_home","teacher","course","mother",4,2,"no","yes","no","yes","yes","no","yes",5,3,3,1,1,5,1139,2135,0,0,"no","no",2,0,12,9,11,0,11,0,0,"no",1,10.5,5.5,5.5,1,FALSE,3134
"GP","F",15,"U","GT3","T",4,4,"services","at_home","course","mother",1,3,"no","yes","yes","yes","yes","yes","yes",4,3,3,1,1,5,1140,2136,0,0,"no","no",4,0,13,11,14,0,15,0,0,"no",2,12,7,7.5,1,FALSE,3135
"GP","M",17,"R","GT3","T",3,4,"at_home","other","course","mother",3,2,"no","no","no","yes","yes","no","no",5,4,5,2,4,5,1141,2137,0,0,"no","no",2,0,10,10,9,0,10,0,0,"no",1,10,4.5,5,3,TRUE,3136
"GP","F",16,"U","GT3","A",3,3,"other","other","course","other",2,1,"no","yes","yes","no","yes","yes","yes",4,3,2,1,1,5,1146,2138,0,2,"no","no",4,0,9,4,9,0,10,0,1,"no",2,6.5,4.5,5,1,FALSE,3137
"GP","M",16,"U","LE3","T",1,1,"services","other","course","mother",1,2,"no","no","no","yes","yes","no","yes",4,4,4,1,3,5,1147,2139,2,1,"no","no",0,0,10,14,10,12,10,12,1.5,"no",0,12,11,11,2,FALSE,3138
"GP","F",15,"U","GT3","T",4,4,"teacher","teacher","course","mother",2,1,"no","no","yes","yes","yes","yes","no",4,3,2,1,1,5,1148,2140,0,0,"no","no",6,0,13,16,14,16,14,15,0,"no",3,14.5,15,14.5,1,FALSE,3139
"GP","M",15,"U","GT3","T",4,3,"teacher","services","course","father",2,4,"yes","yes","no","yes","yes","yes","no",2,2,2,1,1,3,1150,2141,0,0,"no","no",6,0,9,7,11,9,11,0,0,"no",3,8,10,5.5,1,FALSE,3140
"GP","M",16,"U","LE3","T",2,2,"services","services","reputation","father",2,1,"no","yes","yes","yes","yes","yes","no",2,3,3,2,2,2,1153,2142,0,2,"no","no",4,8,12,9,11,9,11,9,1,"no",6,10.5,10,10,2,FALSE,3141
"GP","F",15,"U","GT3","T",4,4,"teacher","services","course","mother",1,3,"no","yes","yes","yes","yes","yes","no",4,2,2,1,1,5,1154,2143,0,0,"no","yes",2,2,13,9,13,11,13,11,0,"no",2,11,12,12,1,FALSE,3142
"GP","F",16,"U","LE3","T",1,1,"at_home","at_home","course","mother",1,1,"no","no","no","yes","yes","yes","no",3,4,4,3,3,1,1155,2144,0,0,"no","no",4,2,10,14,11,14,11,13,0,"no",3,12,12.5,12,3,TRUE,3143
"GP","M",17,"U","GT3","T",2,1,"other","other","home","mother",1,1,"no","yes","no","yes","yes","yes","no",5,4,5,1,2,5,1156,2145,0,3,"no","no",22,0,9,5,7,0,6,0,1.5,"no",11,7,3.5,3,1.5,FALSE,3144
"GP","F",15,"U","GT3","T",1,1,"other","services","course","father",1,2,"no","yes","no","yes","yes","yes","no",4,4,2,1,2,5,1157,2146,0,0,"no","yes",0,0,12,8,12,11,12,11,0,"no",0,10,11.5,11.5,1.5,FALSE,3145
"GP","F",15,"U","GT3","T",3,2,"health","services","home","father",1,2,"no","yes","no","yes","yes","yes","no",3,3,2,1,1,3,1159,2147,1,3,"no","no",2,0,11,6,11,7,11,0,2,"no",1,8.5,9,5.5,1,FALSE,3146
"GP","F",15,"U","GT3","T",1,2,"at_home","other","course","mother",1,2,"no","yes","no","no","yes","yes","no",4,3,2,1,1,5,1160,2148,0,0,"no","yes",6,2,13,10,12,11,13,11,0,"no",4,11.5,11.5,12,1,FALSE,3147
"GP","M",16,"U","GT3","T",4,4,"teacher","teacher","course","mother",1,1,"no","yes","no","yes","no","yes","yes",3,3,2,2,1,5,1162,2149,0,0,"no","no",16,0,9,7,9,6,8,0,0,"no",8,8,7.5,4,1.5,FALSE,3148
"GP","M",15,"U","LE3","A",2,1,"services","other","course","mother",4,1,"no","no","no","yes","yes","yes","no",4,5,5,2,5,5,1163,2150,0,3,"no","no",0,0,12,8,11,9,11,10,1.5,"no",0,10,10,10.5,3.5,TRUE,3149
"GP","M",18,"U","LE3","T",1,1,"other","other","course","mother",1,1,"no","no","no","yes","no","yes","yes",2,3,5,2,5,4,1164,2151,2,3,"no","no",0,0,11,6,9,5,0,0,2.5,"no",0,8.5,7,0,3.5,TRUE,3150
"GP","M",16,"U","LE3","T",2,1,"at_home","other","course","mother",1,1,"no","no","yes","yes","yes","no","yes",4,4,4,3,5,5,1165,2152,1,1,"no","no",6,6,9,12,10,13,10,14,1,"no",6,10.5,11.5,12,4,TRUE,3151
"GP","F",15,"R","GT3","T",3,3,"services","services","reputation","other",2,3,"no","yes","yes","yes","yes","yes","yes",4,2,1,2,3,3,1166,2153,0,2,"yes","yes",2,8,13,10,13,10,13,10,1,"no",5,11.5,11.5,11.5,2.5,TRUE,3152
"GP","M",19,"U","GT3","T",3,2,"services","at_home","home","mother",1,1,"no","yes","no","yes","no","yes","yes",4,5,4,1,1,4,1167,2154,0,3,"no","no",6,0,11,5,9,0,11,0,1.5,"no",3,8,4.5,5.5,1,FALSE,3153
"GP","F",17,"U","GT3","T",4,4,"other","teacher","course","mother",1,1,"yes","yes","no","yes","yes","no","yes",4,2,1,1,1,4,1168,2155,0,0,"no","no",0,0,13,11,13,11,13,12,0,"no",0,12,12,12.5,1,FALSE,3154
"GP","M",15,"R","GT3","T",2,3,"at_home","services","course","mother",1,2,"yes","no","yes","yes","yes","no","no",4,4,4,1,1,1,1169,2156,0,0,"yes","yes",0,2,7,11,8,8,8,8,0,"no",1,9,8,8,1,FALSE,3155
"GP","M",17,"R","LE3","T",1,2,"other","other","reputation","mother",1,1,"no","no","no","yes","yes","no","no",2,2,2,3,3,5,1170,2157,3,0,"no","no",14,8,9,16,8,12,10,13,1.5,"no",11,12.5,10,11.5,3,TRUE,3156
"GP","F",18,"R","GT3","T",1,1,"at_home","other","course","mother",3,1,"no","yes","yes","no","yes","no","no",5,2,5,1,5,4,1171,2158,3,3,"no","no",6,6,11,9,10,8,11,10,3,"no",6,10,9,10.5,3,TRUE,3157
"GP","M",16,"R","GT3","T",2,2,"at_home","other","course","mother",3,1,"no","no","no","no","yes","no","no",4,2,2,1,2,3,1172,2159,0,0,"no","no",4,2,12,17,10,15,11,15,0,"no",3,14.5,12.5,13,1.5,FALSE,3158
"GP","M",16,"U","GT3","T",3,3,"other","services","course","father",1,2,"no","yes","no","yes","yes","yes","yes",4,5,5,4,4,5,1173,2160,1,1,"no","yes",0,4,10,10,10,12,1,12,1,"no",2,10,11,6.5,4,TRUE,3159
"GP","M",17,"R","LE3","T",2,1,"at_home","other","course","mother",2,1,"no","no","yes","yes","no","yes","yes",3,3,2,2,2,5,1175,2161,1,2,"yes","no",8,0,8,7,8,6,9,0,1.5,"no",4,7.5,7,4.5,2,FALSE,3160
"GP","M",17,"R","LE3","T",1,1,"other","services","course","mother",4,2,"no","no","yes","yes","no","no","yes",5,3,5,1,5,5,1179,2165,0,3,"no","no",0,0,8,5,8,8,8,7,1.5,"no",0,6.5,8,7.5,3,TRUE,3161
"GP","M",16,"U","GT3","T",2,2,"other","other","course","father",1,2,"no","no","no","yes","no","yes","no",4,3,5,2,4,4,1181,2167,0,0,"no","no",0,4,9,10,10,10,11,10,0,"no",2,9.5,10,10.5,3,TRUE,3162
"GP","F",16,"U","GT3","T",4,2,"health","services","home","father",1,2,"no","no","no","yes","yes","yes","yes",4,2,3,1,1,3,1182,2168,0,0,"no","yes",0,0,17,14,17,15,18,16,0,"no",0,15.5,16,17,1,FALSE,3163
"GP","F",16,"U","GT3","T",2,2,"other","other","home","mother",1,2,"no","yes","no","no","yes","yes","no",5,1,5,1,1,4,1183,2169,0,0,"no","yes",0,0,12,6,12,7,13,0,0,"no",0,9,9.5,6.5,1,FALSE,3164
"GP","F",16,"U","GT3","T",4,4,"health","health","reputation","mother",1,2,"no","yes","no","yes","yes","yes","yes",4,4,2,1,1,3,1184,2170,0,0,"no","yes",0,0,16,14,16,14,17,14,0,"no",0,15,15,15.5,1,FALSE,3165
"GP","M",16,"U","GT3","T",3,4,"other","other","course","father",3,1,"no","yes","yes","no","yes","yes","no",3,4,5,2,4,2,1185,2171,1,2,"no","no",4,0,9,6,9,5,10,0,1.5,"no",2,7.5,7,5,3,TRUE,3166
"GP","M",16,"U","GT3","T",1,0,"other","other","reputation","mother",2,2,"no","yes","yes","yes","yes","yes","yes",4,3,2,1,1,3,1186,2172,0,0,"no","yes",0,2,16,13,17,15,18,16,0,"no",1,14.5,16,17,1,FALSE,3167
"GP","M",17,"U","LE3","T",4,4,"teacher","other","reputation","mother",1,2,"no","yes","yes","yes","yes","yes","no",4,4,4,1,3,5,1187,2173,0,0,"no","yes",0,0,11,13,9,11,10,10,0,"no",0,12,10,10,2,FALSE,3168
"GP","F",16,"U","GT3","T",1,3,"at_home","services","home","mother",1,2,"no","no","yes","no","yes","yes","yes",4,3,5,1,1,3,1188,2174,0,3,"no","no",0,0,14,8,13,7,13,0,1.5,"no",0,11,10,6.5,1,FALSE,3169
"GP","F",16,"U","LE3","T",3,3,"other","other","reputation","mother",2,2,"no","yes","yes","yes","yes","yes","no",4,4,5,1,1,4,1189,2175,0,0,"no","yes",0,4,14,10,14,11,15,9,0,"no",2,12,12.5,12,1,FALSE,3170
"GP","M",17,"U","LE3","T",4,3,"teacher","other","course","mother",2,2,"no","no","yes","yes","yes","yes","no",4,4,4,4,4,4,1190,2176,0,0,"no","yes",0,4,10,10,11,9,11,9,0,"no",2,10,10,10,4,TRUE,3171
"GP","F",16,"U","GT3","T",2,2,"services","other","reputation","mother",2,2,"no","no","yes","no","yes","yes","no",3,4,4,1,4,5,1191,2177,0,0,"no","yes",0,2,13,13,12,13,14,11,0,"no",1,13,12.5,12.5,2.5,TRUE,3172
"GP","M",17,"U","GT3","T",3,3,"other","other","reputation","father",1,2,"no","no","yes","no","yes","yes","no",4,3,4,1,4,4,1192,2178,0,0,"no","no",4,4,11,6,9,5,10,6,0,"no",4,8.5,7,8,2.5,TRUE,3173
"GP","M",16,"R","GT3","T",4,2,"teacher","services","other","mother",1,1,"no","yes","yes","yes","yes","yes","yes",4,3,3,3,4,3,1193,2179,0,0,"no","no",8,10,10,10,9,8,11,9,0,"no",9,10,8.5,10,3.5,TRUE,3174
"GP","M",17,"U","GT3","T",4,3,"other","other","course","mother",1,2,"no","yes","yes","yes","yes","yes","yes",5,2,3,1,1,2,1194,2180,0,0,"yes","no",4,4,11,10,11,10,13,11,0,"no",4,10.5,10.5,12,1,FALSE,3175
"GP","M",16,"U","GT3","T",4,3,"teacher","other","home","mother",1,2,"no","yes","yes","yes","yes","yes","no",3,4,3,2,3,3,1195,2181,0,0,"yes","yes",4,10,11,9,10,8,11,8,0,"no",7,10,9,9.5,2.5,TRUE,3176
"GP","M",16,"U","GT3","T",3,3,"services","other","home","mother",1,2,"no","no","yes","yes","yes","yes","yes",4,2,3,1,2,3,1196,2182,0,0,"no","yes",0,2,11,12,12,13,13,12,0,"no",1,11.5,12.5,12.5,1.5,FALSE,3177
"GP","F",17,"U","GT3","T",2,4,"services","services","reputation","father",1,2,"no","yes","yes","yes","yes","no","no",5,4,2,2,3,5,1197,2183,0,0,"no","no",0,0,17,16,18,17,17,17,0,"no",0,16.5,17.5,17,2.5,TRUE,3178
"GP","F",17,"U","LE3","T",3,3,"other","other","reputation","mother",1,2,"no","yes","yes","yes","yes","yes","yes",5,3,3,2,3,1,1198,2184,0,0,"no","no",32,56,14,9,13,9,14,8,0,"no",44,11.5,11,11,2.5,TRUE,3179
"GP","F",16,"U","GT3","T",3,2,"other","other","reputation","mother",1,2,"no","yes","no","yes","yes","yes","no",1,2,2,1,2,1,1199,2185,0,0,"no","yes",8,14,14,12,15,13,16,12,0,"no",11,13,14,14,1.5,FALSE,3180
"GP","M",17,"U","GT3","T",3,3,"services","services","other","mother",1,2,"no","yes","yes","yes","yes","yes","yes",4,3,4,2,3,4,1200,2186,0,0,"no","no",6,12,11,12,13,12,14,11,0,"no",9,11.5,12.5,12.5,2.5,TRUE,3181
"GP","M",16,"U","GT3","T",1,2,"services","services","other","mother",1,1,"no","yes","yes","yes","yes","yes","yes",3,3,3,1,2,3,1201,2187,0,0,"no","yes",0,2,10,11,9,12,11,11,0,"no",1,10.5,10.5,11,1.5,FALSE,3182
"GP","M",16,"U","LE3","T",2,1,"other","other","course","mother",1,2,"no","no","yes","yes","yes","yes","yes",4,2,3,1,2,5,1202,2188,0,0,"no","yes",0,0,13,15,14,15,16,15,0,"no",0,14,14.5,15.5,1.5,FALSE,3183
"GP","F",17,"U","GT3","A",3,3,"health","other","reputation","mother",1,2,"no","yes","no","no","yes","yes","yes",3,3,3,1,3,3,1203,2189,0,0,"no","no",10,6,12,8,13,7,14,9,0,"no",8,10,10,11.5,2,FALSE,3184
"GP","M",17,"R","GT3","T",1,2,"at_home","other","home","mother",1,2,"no","no","no","yes","yes","no","no",3,1,3,1,5,3,1204,2190,0,0,"no","no",6,4,9,8,9,9,10,10,0,"no",5,8.5,9,10,3,TRUE,3185
"GP","F",16,"U","GT3","T",2,3,"services","services","course","mother",1,2,"no","no","no","yes","yes","yes","no",4,3,3,1,1,2,1205,2191,0,0,"no","no",6,10,12,11,12,12,13,13,0,"no",8,11.5,12,13,1,FALSE,3186
"GP","F",17,"U","GT3","T",1,1,"at_home","services","course","mother",1,2,"no","no","yes","yes","yes","yes","no",5,3,3,1,1,3,1206,2192,0,0,"no","no",0,0,12,8,11,8,12,9,0,"no",0,10,9.5,10.5,1,FALSE,3187
"GP","M",17,"U","GT3","T",1,2,"at_home","services","other","other",2,2,"no","no","yes","no","yes","yes","no",4,4,4,4,5,5,1207,2193,0,0,"no","yes",16,12,10,7,11,8,12,8,0,"no",14,8.5,9.5,10,4.5,TRUE,3188
"GP","M",16,"R","GT3","T",3,3,"services","services","reputation","mother",1,1,"no","yes","yes","yes","yes","yes","no",4,3,2,3,4,5,1208,2194,0,0,"no","no",0,8,11,8,10,9,10,10,0,"no",4,9.5,9.5,10,3.5,TRUE,3189
"GP","M",16,"U","GT3","T",2,3,"other","other","home","father",2,1,"no","no","no","yes","yes","yes","no",5,3,3,1,1,3,1209,2195,0,0,"no","no",0,0,13,13,12,14,12,14,0,"no",0,13,13,13,1,FALSE,3190
"GP","F",17,"U","LE3","T",2,4,"services","services","course","father",1,2,"no","no","yes","yes","yes","yes","yes",4,3,2,1,1,5,1210,2196,0,0,"no","no",8,0,14,14,15,15,16,15,0,"no",4,14,15,15.5,1,FALSE,3191
"GP","M",17,"U","GT3","T",4,4,"services","teacher","home","mother",1,1,"no","no","no","yes","yes","yes","no",5,2,3,1,2,5,1211,2197,0,0,"no","no",4,4,13,17,13,15,14,16,0,"no",4,15,14,15,1.5,FALSE,3192
"GP","M",16,"R","LE3","T",3,3,"teacher","other","home","father",3,1,"no","yes","yes","yes","yes","yes","no",3,3,4,3,5,3,1212,2198,0,0,"no","yes",16,8,10,9,11,9,12,10,0,"no",12,9.5,10,11,4,TRUE,3193
"GP","F",17,"U","GT3","T",4,4,"services","teacher","home","mother",2,1,"no","yes","no","yes","yes","yes","no",4,2,4,2,3,2,1213,2199,1,1,"no","no",30,24,14,18,15,18,16,18,1,"no",27,16,16.5,17,2.5,TRUE,3194
"GP","F",16,"U","LE3","T",4,4,"teacher","teacher","reputation","mother",1,2,"no","yes","no","yes","yes","yes","no",4,5,2,1,2,3,1214,2200,0,0,"no","yes",0,0,11,9,10,9,11,10,0,"no",0,10,9.5,10.5,1.5,FALSE,3195
"GP","F",16,"U","GT3","T",4,3,"health","other","home","mother",1,2,"no","yes","yes","yes","yes","yes","no",4,3,5,1,5,2,1215,2201,0,0,"no","no",2,2,14,16,14,16,15,16,0,"no",2,15,15,15.5,3,TRUE,3196
"GP","F",16,"U","GT3","T",2,3,"other","other","reputation","mother",1,2,"yes","yes","yes","yes","yes","no","no",4,4,3,1,3,4,1216,2202,0,0,"no","yes",4,6,11,8,12,10,12,10,0,"no",5,9.5,11,11,2,FALSE,3197
"GP","F",17,"U","GT3","T",1,1,"other","other","course","mother",1,2,"no","yes","no","no","yes","no","no",4,4,4,1,3,1,1217,2203,0,0,"no","yes",0,4,14,9,15,9,15,10,0,"no",2,11.5,12,12.5,2,FALSE,3198
"GP","F",17,"R","GT3","T",2,2,"other","other","reputation","mother",1,1,"no","yes","no","yes","yes","yes","no",5,3,2,1,2,3,1218,2204,0,0,"no","no",21,18,13,7,13,6,13,6,0,"no",19.5,10,9.5,9.5,1.5,FALSE,3199
"GP","F",16,"R","GT3","T",2,2,"services","services","reputation","mother",2,4,"no","yes","yes","no","yes","yes","no",5,3,5,1,1,5,1219,2205,0,0,"no","yes",6,6,13,10,13,10,13,11,0,"no",6,11.5,11.5,12,1,FALSE,3200
"GP","F",17,"U","GT3","T",3,4,"at_home","services","home","mother",1,3,"no","yes","no","yes","yes","yes","yes",4,4,3,3,4,5,1220,2206,1,1,"yes","yes",14,28,8,10,9,9,8,9,1,"no",21,9,9,8.5,3.5,TRUE,3201
"GP","F",16,"U","GT3","A",3,1,"services","other","course","mother",1,2,"no","yes","no","yes","yes","yes","no",2,3,3,2,2,4,1221,2207,0,3,"no","yes",2,5,11,7,11,7,12,7,1.5,"no",3.5,9,9,9.5,2,FALSE,3202
"GP","F",16,"U","GT3","T",4,3,"teacher","other","other","mother",1,2,"no","no","yes","yes","yes","yes","yes",1,3,2,1,1,1,1222,2208,0,0,"no","yes",4,10,14,11,15,12,15,13,0,"no",7,12.5,13.5,14,1,FALSE,3203
"GP","F",16,"U","GT3","T",1,1,"at_home","other","home","mother",2,1,"no","yes","no","yes","yes","no","no",4,3,2,1,4,5,1223,2209,0,0,"no","yes",2,6,12,9,13,9,13,10,0,"no",4,10.5,11,11.5,2.5,TRUE,3204
"GP","F",17,"R","GT3","T",4,3,"teacher","other","reputation","mother",2,3,"no","yes","yes","yes","yes","yes","yes",4,4,2,1,1,4,1224,2210,0,0,"no","yes",0,6,11,7,12,7,12,7,0,"no",3,9,9.5,9.5,1,FALSE,3205
"GP","F",19,"U","GT3","T",3,3,"other","other","reputation","other",1,4,"no","yes","yes","yes","yes","yes","no",4,3,3,1,2,3,1225,2211,0,0,"no","yes",4,10,12,8,12,8,12,8,0,"no",7,10,10,10,1.5,FALSE,3206
"GP","M",17,"U","LE3","T",4,4,"services","other","home","mother",1,2,"no","yes","no","yes","yes","yes","yes",5,3,5,4,5,3,1226,2212,0,0,"no","yes",15,13,13,12,12,12,12,13,0,"no",14,12.5,12,12.5,4.5,TRUE,3207
"GP","F",16,"U","GT3","A",2,2,"other","other","reputation","mother",1,2,"yes","yes","no","yes","yes","yes","no",3,3,4,1,1,4,1227,2213,0,0,"no","yes",0,0,13,12,13,13,13,14,0,"no",0,12.5,13,13.5,1,FALSE,3208
"GP","M",18,"U","GT3","T",2,2,"services","other","home","mother",1,2,"no","yes","yes","yes","yes","yes","no",4,4,4,2,4,5,1228,2214,0,1,"no","yes",10,15,12,6,11,7,11,8,0.5,"no",12.5,9,9,9.5,3,TRUE,3209
"GP","F",17,"R","LE3","T",4,4,"services","other","other","mother",1,1,"no","yes","no","yes","yes","no","no",5,2,1,1,2,3,1229,2215,0,0,"no","yes",6,12,12,8,11,10,11,10,0,"no",9,10,10.5,10.5,1.5,FALSE,3210
"GP","F",17,"U","LE3","T",3,2,"other","other","reputation","mother",2,2,"no","no","no","yes","yes","yes","no",4,4,4,1,3,1,1230,2216,0,0,"no","yes",2,2,14,14,16,15,15,15,0,"no",2,14,15.5,15,2,FALSE,3211
"GP","F",17,"U","GT3","T",4,3,"other","other","reputation","mother",1,2,"no","no","no","yes","yes","yes","yes",3,4,5,2,4,1,1231,2217,0,2,"no","yes",16,22,11,6,9,6,10,4,1,"no",19,8.5,7.5,7,3,TRUE,3212
"GP","M",18,"U","LE3","T",3,3,"services","health","home","father",1,2,"no","yes","no","yes","yes","yes","no",3,2,4,2,4,4,1232,2218,0,1,"no","yes",10,13,10,6,10,6,10,8,0.5,"no",11.5,8,8,9,3,TRUE,3213
"GP","F",17,"U","GT3","T",2,3,"at_home","other","home","father",2,1,"no","yes","no","yes","yes","no","no",3,3,3,1,4,3,1233,2219,0,0,"no","yes",4,3,12,7,13,7,13,8,0,"no",3.5,9.5,10,10.5,2.5,TRUE,3214
"GP","F",17,"U","GT3","T",2,2,"at_home","at_home","course","mother",1,3,"no","yes","yes","yes","yes","yes","no",4,3,3,1,1,4,1234,2220,0,0,"no","yes",0,4,12,9,12,10,13,10,0,"no",2,10.5,11,11.5,1,FALSE,3215
"GP","F",17,"R","GT3","T",2,1,"at_home","services","reputation","mother",2,2,"no","yes","yes","yes","yes","yes","no",4,2,5,1,2,5,1235,2221,0,0,"no","no",0,2,11,6,10,6,11,6,0,"no",1,8.5,8,8.5,1.5,FALSE,3216
"GP","F",17,"U","GT3","T",1,1,"at_home","other","reputation","mother",1,3,"no","yes","yes","yes","yes","no","yes",4,3,4,1,1,5,1236,2222,0,1,"no","no",12,0,12,6,12,5,12,0,0.5,"no",6,9,8.5,6,1,FALSE,3217
"GP","F",16,"U","GT3","T",2,3,"services","teacher","other","mother",1,2,"yes","no","no","yes","yes","yes","no",2,3,1,1,1,3,1237,2223,0,0,"no","no",0,2,13,16,13,16,14,17,0,"no",1,14.5,14.5,15.5,1,FALSE,3218
"GP","M",18,"U","GT3","T",2,2,"other","other","home","mother",2,2,"no","yes","no","yes","yes","yes","no",3,3,3,5,5,4,1238,2224,3,0,"yes","yes",9,0,10,12,9,13,10,13,1.5,"no",4.5,11,11,11.5,5,TRUE,3219
"GP","F",16,"U","GT3","T",4,4,"teacher","services","home","mother",1,3,"no","yes","yes","no","yes","yes","no",5,3,2,1,1,5,1239,2225,0,0,"no","no",4,0,15,13,16,13,16,14,0,"no",2,14,14.5,15,1,FALSE,3220
"GP","F",18,"R","GT3","T",3,1,"other","other","reputation","mother",1,2,"no","no","yes","yes","yes","yes","yes",5,3,3,1,1,4,1240,2226,0,1,"no","no",4,16,8,9,8,8,8,7,0.5,"no",10,8.5,8,7.5,1,FALSE,3221
"GP","F",17,"U","GT3","T",3,2,"other","other","course","mother",1,2,"no","no","yes","no","yes","yes","no",5,3,4,1,3,3,1241,2227,0,0,"no","no",2,10,17,16,18,15,17,15,0,"no",6,16.5,16.5,16,2,FALSE,3222
"GP","M",17,"U","LE3","T",2,3,"services","services","reputation","father",1,2,"no","yes","no","no","yes","yes","no",5,3,3,1,3,3,1242,2228,0,0,"no","yes",0,2,10,12,11,11,11,12,0,"no",1,11,11,11.5,2,FALSE,3223
"GP","M",18,"U","LE3","T",2,1,"at_home","other","course","mother",4,2,"yes","yes","yes","yes","yes","yes","yes",4,3,2,4,5,3,1243,2229,0,0,"no","yes",2,14,9,10,10,8,11,9,0,"no",8,9.5,9,10,4.5,TRUE,3224
"GP","F",17,"U","GT3","A",2,1,"other","other","course","mother",2,3,"no","no","yes","yes","yes","yes","yes",3,2,3,1,2,3,1244,2230,0,0,"no","no",0,10,15,12,15,10,16,12,0,"no",5,13.5,12.5,14,1.5,FALSE,3225
"GP","F",17,"U","LE3","T",4,3,"health","other","reputation","father",1,2,"no","no","yes","yes","yes","yes","yes",3,2,3,1,2,3,1245,2231,0,0,"no","no",0,14,14,13,12,13,12,14,0,"no",7,13.5,12.5,13,1.5,FALSE,3226
"GP","M",17,"R","GT3","T",2,2,"other","other","course","father",2,2,"no","yes","yes","yes","yes","yes","no",4,5,2,1,1,1,1246,2232,0,0,"no","yes",0,4,12,11,13,11,13,11,0,"no",2,11.5,12,12,1,FALSE,3227
"GP","M",17,"U","GT3","T",4,4,"teacher","teacher","reputation","mother",1,2,"yes","yes","yes","yes","yes","yes","yes",4,5,5,1,3,2,1247,2233,0,0,"no","no",0,14,13,11,13,9,13,9,0,"no",7,12,11,11,2,FALSE,3228
"GP","M",16,"U","GT3","T",4,4,"health","other","reputation","father",1,2,"no","yes","yes","yes","yes","yes","no",4,2,4,2,4,1,1248,2234,0,0,"no","yes",0,2,13,14,13,13,14,13,0,"no",1,13.5,13,13.5,3,TRUE,3229
"GP","M",16,"U","LE3","T",1,1,"other","other","home","mother",2,2,"no","yes","no","yes","yes","yes","no",3,4,2,1,1,5,1249,2235,0,0,"no","yes",2,18,9,9,9,7,9,6,0,"no",10,9,8,7.5,1,FALSE,3230
"GP","M",16,"U","GT3","T",3,2,"at_home","other","reputation","mother",2,3,"no","no","yes","yes","yes","yes","yes",5,3,3,1,3,2,1250,2236,0,0,"no","no",0,10,12,11,12,9,12,10,0,"no",5,11.5,10.5,11,2,FALSE,3231
"GP","M",17,"U","LE3","T",2,2,"other","other","home","father",1,2,"no","no","yes","no","yes","yes","yes",4,4,2,5,5,4,1251,2237,0,0,"no","yes",0,4,16,14,16,13,16,13,0,"no",2,15,14.5,14.5,5,TRUE,3232
"GP","F",16,"U","GT3","T",2,1,"other","other","home","mother",1,1,"no","no","no","yes","yes","yes","yes",4,5,2,1,1,5,1252,2238,0,0,"no","no",4,20,9,13,10,12,10,12,0,"no",12,11,11,11,1,FALSE,3233
"GP","F",17,"R","GT3","T",2,1,"at_home","services","course","mother",3,2,"no","no","yes","yes","yes","no","no",2,1,1,1,1,3,1262,2239,0,0,"no","no",2,2,13,13,13,11,13,11,0,"no",2,13,12,12,1,FALSE,3234
"GP","M",18,"U","GT3","T",2,2,"other","services","reputation","father",1,2,"no","no","no","yes","no","yes","no",5,5,4,3,5,2,1264,2240,0,1,"no","no",16,0,8,7,7,7,8,0,0.5,"no",8,7.5,7,4,4,TRUE,3235
"GP","M",17,"U","LE3","T",4,3,"health","other","course","mother",2,2,"no","no","yes","yes","yes","yes","yes",2,5,5,1,4,5,1268,2241,0,0,"no","no",8,14,15,12,15,12,15,12,0,"no",11,13.5,13.5,13.5,2.5,TRUE,3236
"GP","M",17,"R","LE3","A",4,4,"teacher","other","course","mother",2,2,"no","yes","no","yes","yes","yes","no",3,3,3,2,3,4,1269,2242,0,0,"no","yes",0,2,12,10,12,11,12,12,0,"no",1,11,11.5,12,2.5,TRUE,3237
"GP","M",16,"U","LE3","T",4,3,"teacher","other","course","mother",1,1,"no","no","yes","no","yes","yes","no",5,4,5,1,1,3,1270,2243,0,0,"no","no",7,0,14,6,14,0,15,0,0,"no",3.5,10,7,7.5,1,FALSE,3238
"GP","M",16,"U","GT3","T",4,4,"services","services","course","mother",1,1,"no","no","yes","yes","yes","yes","no",5,3,2,1,2,5,1271,2244,0,0,"yes","no",4,0,14,13,15,12,15,12,0,"no",2,13.5,13.5,13.5,1.5,FALSE,3239
"GP","F",18,"U","GT3","T",2,1,"other","other","course","other",2,3,"no","yes","no","no","yes","yes","yes",4,4,4,1,1,3,1276,2245,0,0,"no","yes",10,0,12,7,10,0,11,0,0,"no",5,9.5,5,5.5,1,FALSE,3240
"GP","M",16,"U","GT3","T",2,1,"other","other","course","mother",3,1,"no","no","no","yes","yes","yes","no",4,3,3,1,1,4,1277,2246,0,0,"no","no",7,6,15,18,16,18,16,18,0,"no",6.5,16.5,17,17,1,FALSE,3241
"GP","M",17,"U","GT3","T",2,3,"other","other","course","father",2,1,"no","no","no","yes","yes","yes","no",5,2,2,1,1,2,1279,2247,0,0,"no","no",2,4,9,12,12,12,13,13,0,"no",3,10.5,12,13,1,FALSE,3242
"GP","M",22,"U","GT3","T",3,1,"services","services","other","mother",1,1,"no","no","no","no","no","yes","yes",5,4,5,5,5,1,1280,2248,3,3,"no","no",12,16,7,6,8,8,5,8,3,"no",14,6.5,8,6.5,5,TRUE,3243
"GP","M",18,"R","LE3","T",3,3,"other","services","course","mother",1,2,"no","yes","no","yes","yes","yes","yes",4,3,3,1,3,5,1281,2249,0,1,"no","no",8,8,10,3,9,5,10,5,0.5,"no",8,6.5,7,7.5,2,FALSE,3244
"GP","M",16,"U","GT3","T",0,2,"other","other","other","mother",1,1,"no","no","no","no","yes","yes","no",4,3,2,2,4,5,1282,2250,0,0,"no","yes",0,0,11,13,12,15,11,15,0,"no",0,12,13.5,13,3,TRUE,3245
"GP","M",18,"U","GT3","T",3,2,"services","other","course","mother",2,1,"no","no","no","yes","no","yes","no",4,4,5,2,4,5,1283,2251,0,1,"no","no",8,0,7,6,8,8,7,8,0.5,"no",4,6.5,8,7.5,3,TRUE,3246
"GP","M",16,"U","GT3","T",3,3,"at_home","other","reputation","other",3,2,"yes","yes","no","no","yes","yes","no",5,3,3,1,3,2,1284,2252,1,0,"no","no",4,6,9,7,11,10,10,10,0.5,"no",5,8,10.5,10,2,FALSE,3247
"GP","M",18,"U","GT3","T",2,1,"services","services","other","mother",1,1,"no","no","no","no","no","yes","no",3,2,5,2,5,5,1285,2253,2,1,"no","no",4,4,7,6,8,9,6,8,1.5,"no",4,6.5,8.5,7,3.5,TRUE,3248
"GP","M",16,"R","GT3","T",2,1,"other","other","course","mother",2,1,"no","no","yes","no","yes","no","no",3,3,2,1,3,3,1286,2254,0,0,"no","no",2,0,14,8,13,9,12,8,0,"no",1,11,11,10,2,FALSE,3249
"GP","M",17,"R","GT3","T",2,1,"other","other","course","mother",1,1,"no","no","no","no","yes","yes","no",4,4,2,2,4,5,1287,2255,0,0,"no","no",0,0,12,8,12,12,13,12,0,"no",0,10,12,12.5,3,TRUE,3250
"GP","M",17,"U","LE3","T",1,1,"health","other","course","mother",2,1,"no","yes","yes","yes","yes","yes","no",4,4,4,1,2,5,1288,2256,1,1,"no","no",0,2,9,7,10,9,10,8,1,"no",1,8,9.5,9,1.5,FALSE,3251
"GP","F",17,"U","LE3","T",4,2,"teacher","services","reputation","mother",1,4,"no","yes","yes","yes","yes","yes","no",4,2,3,1,1,4,1290,2257,0,0,"no","yes",2,6,14,14,15,12,17,13,0,"no",4,14,13.5,15,1,FALSE,3252
"GP","M",19,"U","LE3","A",4,3,"services","at_home","reputation","mother",1,2,"no","yes","no","yes","yes","yes","no",4,3,1,1,1,1,1296,2258,0,0,"no","no",4,12,11,11,13,11,14,11,0,"no",8,11,12,12.5,1,FALSE,3253
"GP","M",18,"U","GT3","T",2,1,"other","other","home","mother",1,2,"no","no","yes","yes","yes","yes","no",5,2,4,1,2,4,1297,2259,0,0,"no","no",2,8,16,15,16,14,16,14,0,"no",5,15.5,15,15,1.5,FALSE,3254
"GP","F",17,"U","LE3","T",2,2,"services","services","course","father",1,4,"no","no","yes","yes","yes","yes","yes",3,4,1,1,1,2,1299,2260,0,0,"no","yes",2,0,10,10,11,9,12,0,0,"no",1,10,10,6,1,FALSE,3255
"GP","F",18,"U","GT3","T",4,3,"services","other","home","father",1,2,"no","yes","no","yes","yes","yes","yes",3,1,2,1,3,2,1301,2261,0,0,"no","yes",2,21,15,17,15,18,15,18,0,"no",11.5,16,16.5,16.5,2,FALSE,3256
"GP","M",18,"U","GT3","T",4,3,"teacher","other","course","mother",1,2,"no","yes","no","no","yes","yes","no",4,3,2,1,1,3,1302,2262,0,0,"no","yes",2,2,10,8,10,8,11,8,0,"no",2,9,9,9.5,1,FALSE,3257
"GP","M",18,"R","GT3","T",3,2,"other","other","course","mother",1,3,"no","no","yes","no","yes","no","no",5,3,2,1,1,3,1303,2263,0,0,"no","no",2,1,10,13,11,12,12,12,0,"no",1.5,11.5,11.5,12,1,FALSE,3258
"GP","F",17,"U","GT3","T",3,3,"other","other","home","mother",1,3,"no","no","yes","no","yes","no","no",3,2,3,1,1,4,1304,2264,0,0,"no","no",2,4,15,10,12,9,13,9,0,"no",3,12.5,10.5,11,1,FALSE,3259
"GP","F",18,"U","GT3","T",2,2,"at_home","services","home","mother",1,3,"no","yes","yes","yes","yes","yes","yes",4,3,3,1,1,3,1305,2265,0,0,"no","yes",0,0,11,9,12,10,13,0,0,"no",0,10,11,6.5,1,FALSE,3260
"GP","M",18,"R","LE3","A",3,4,"other","other","reputation","mother",2,2,"no","yes","yes","yes","yes","yes","no",4,2,5,3,4,1,1307,2266,0,0,"no","yes",6,13,15,17,16,17,16,17,0,"no",9.5,16,16.5,16.5,3.5,TRUE,3261
"GP","M",17,"U","GT3","T",3,1,"services","other","other","mother",1,2,"no","no","yes","yes","yes","yes","yes",5,4,4,3,4,5,1308,2267,0,0,"no","yes",0,2,11,9,11,9,14,10,0,"no",1,10,10,12,3.5,TRUE,3262
"GP","F",18,"R","GT3","T",4,4,"teacher","other","reputation","mother",2,2,"no","no","yes","yes","yes","yes","no",4,3,4,2,2,4,1309,2268,0,0,"no","yes",8,8,10,12,11,10,12,11,0,"no",8,11,10.5,11.5,2,FALSE,3263
"GP","M",18,"U","GT3","T",4,2,"health","other","reputation","father",1,2,"no","yes","yes","yes","yes","yes","yes",5,4,5,1,3,5,1310,2269,0,0,"no","yes",4,10,10,10,12,9,14,10,0,"no",7,10,10.5,12,2,FALSE,3264
"GP","F",18,"R","GT3","T",2,1,"other","other","reputation","mother",2,2,"no","yes","no","yes","no","yes","yes",4,3,5,1,2,3,1311,2270,0,0,"no","no",12,0,8,6,9,0,10,0,0,"no",6,7,4.5,5,1.5,FALSE,3265
"GP","F",19,"U","GT3","T",3,3,"other","services","home","other",1,2,"no","yes","yes","yes","yes","yes","no",4,3,5,3,3,5,1312,2271,0,2,"no","yes",16,15,11,9,12,9,12,9,1,"no",15.5,10,10.5,10.5,3,TRUE,3266
"GP","F",18,"U","GT3","T",2,3,"other","services","reputation","father",1,4,"no","yes","yes","yes","yes","yes","yes",4,5,5,1,3,2,1313,2272,0,0,"no","yes",10,4,16,15,16,14,16,14,0,"no",7,15.5,15,15,2,FALSE,3267
"GP","F",18,"U","LE3","T",1,1,"other","other","home","mother",2,2,"no","yes","no","no","yes","no","no",4,4,3,1,1,3,1314,2273,0,0,"no","yes",2,2,13,11,13,11,13,11,0,"no",2,12,12,12,1,FALSE,3268
"GP","M",17,"R","GT3","T",1,2,"at_home","at_home","home","mother",1,2,"no","yes","yes","no","yes","no","yes",3,5,2,2,2,1,1315,2274,0,0,"no","yes",2,2,16,15,17,14,18,14,0,"no",2,15.5,15.5,16,2,FALSE,3269
"GP","F",17,"U","GT3","T",2,4,"at_home","health","reputation","mother",2,2,"no","yes","no","yes","yes","yes","yes",4,3,3,1,1,1,1317,2275,0,0,"no","yes",6,2,15,10,16,10,16,10,0,"no",4,12.5,13,13,1,FALSE,3270
"GP","F",17,"U","LE3","T",2,2,"services","other","course","mother",2,2,"yes","yes","no","yes","yes","yes","yes",4,4,4,2,3,5,1318,2276,0,0,"no","yes",6,6,12,12,12,12,12,12,0,"no",6,12,12,12,2.5,TRUE,3271
"GP","F",18,"R","GT3","A",3,2,"other","services","home","mother",2,2,"no","no","no","no","no","yes","yes",4,1,1,1,1,5,1319,2277,0,0,"no","no",15,75,12,10,9,9,10,9,0,"no",45,11,9,9.5,1,FALSE,3272
"GP","M",18,"U","GT3","T",4,4,"teacher","services","home","mother",2,1,"no","no","yes","yes","yes","yes","no",3,2,4,1,4,3,1320,2278,0,0,"no","yes",6,22,11,9,12,9,12,9,0,"no",14,10,10.5,10.5,2.5,TRUE,3273
"GP","F",18,"U","GT3","T",4,4,"health","health","reputation","father",1,2,"yes","yes","yes","yes","yes","yes","yes",2,4,4,1,1,4,1321,2279,1,1,"no","no",2,15,14,9,12,8,13,8,1,"no",8.5,11.5,10,10.5,1,FALSE,3274
"GP","M",18,"U","LE3","T",4,3,"teacher","services","course","mother",2,1,"no","no","yes","yes","yes","yes","no",4,2,3,1,2,1,1324,2280,0,0,"no","yes",0,8,10,10,10,11,10,10,0,"no",4,10,10.5,10,1.5,FALSE,3275
"GP","M",17,"U","LE3","A",4,1,"services","other","home","mother",2,1,"no","no","yes","yes","yes","yes","yes",4,5,4,2,4,5,1326,2281,0,0,"no","yes",22,30,11,8,11,8,10,8,0,"no",26,9.5,9.5,9,3,TRUE,3276
"GP","M",17,"U","LE3","A",3,2,"teacher","services","home","mother",1,1,"no","no","no","yes","yes","yes","no",4,4,4,3,4,3,1327,2282,0,1,"no","no",18,19,13,11,13,9,13,10,0.5,"no",18.5,12,11,11.5,3.5,TRUE,3277
"GP","F",18,"R","LE3","T",1,1,"at_home","other","reputation","mother",2,4,"no","yes","yes","yes","yes","no","no",5,2,2,1,1,3,1328,2283,0,0,"no","yes",2,1,17,12,17,12,18,12,0,"no",1.5,14.5,14.5,15,1,FALSE,3278
"GP","F",18,"U","GT3","T",1,1,"other","other","home","mother",2,2,"yes","no","yes","yes","yes","yes","no",5,4,4,1,1,4,1329,2284,0,0,"no","no",0,4,12,8,13,9,13,10,0,"no",2,10,11,11.5,1,FALSE,3279
"GP","F",17,"U","GT3","T",2,2,"other","other","course","mother",1,2,"no","yes","no","no","yes","yes","no",5,4,5,1,2,5,1330,2285,0,0,"no","no",12,4,12,10,12,9,14,11,0,"no",8,11,10.5,12.5,1.5,FALSE,3280
"GP","M",17,"U","GT3","T",1,1,"other","other","reputation","father",1,2,"no","no","no","no","yes","yes","no",4,3,3,1,2,4,1332,2286,0,0,"no","yes",0,2,12,12,12,10,12,11,0,"no",1,12,11,11.5,1.5,FALSE,3281
"GP","F",18,"U","GT3","T",2,2,"at_home","at_home","other","mother",1,3,"no","yes","no","yes","yes","yes","no",4,3,3,1,2,2,1333,2287,0,0,"no","yes",0,5,18,18,18,18,18,19,0,"no",2.5,18,18,18.5,1.5,FALSE,3282
"GP","F",17,"U","GT3","T",1,1,"services","teacher","reputation","mother",1,3,"no","yes","no","yes","yes","yes","no",4,3,3,1,1,3,1334,2288,0,0,"no","yes",0,6,13,13,13,12,14,12,0,"no",3,13,12.5,13,1,FALSE,3283
"GP","M",18,"U","GT3","T",2,1,"services","services","reputation","mother",1,3,"no","no","yes","yes","yes","yes","no",4,2,4,1,3,2,1335,2289,0,0,"no","yes",0,6,14,15,15,14,15,14,0,"no",3,14.5,14.5,14.5,2,FALSE,3284
"GP","M",18,"U","LE3","A",4,4,"teacher","teacher","reputation","mother",1,2,"no","yes","yes","yes","yes","yes","no",5,4,3,1,1,2,1336,2290,0,0,"no","yes",0,9,17,15,17,13,17,15,0,"no",4.5,16,15,16,1,FALSE,3285
"GP","M",18,"U","GT3","T",4,2,"teacher","other","home","mother",1,2,"no","yes","yes","yes","yes","yes","yes",4,3,2,1,4,5,1337,2291,0,0,"no","yes",2,11,15,12,16,11,16,11,0,"no",6.5,13.5,13.5,13.5,2.5,TRUE,3286
"GP","F",17,"U","GT3","T",4,3,"health","services","reputation","mother",1,3,"no","yes","no","yes","yes","yes","no",4,2,2,1,2,3,1338,2292,0,0,"no","yes",0,0,17,15,18,15,18,15,0,"no",0,16,16.5,16.5,1.5,FALSE,3287
"GP","F",17,"R","LE3","T",3,1,"services","other","reputation","mother",2,4,"no","yes","no","yes","yes","no","no",3,1,2,1,1,3,1339,2294,0,0,"no","yes",0,6,18,18,19,18,19,18,0,"no",3,18,18.5,18.5,1,FALSE,3288
"GP","M",18,"R","LE3","T",3,2,"services","other","reputation","mother",2,3,"no","yes","yes","yes","yes","yes","no",5,4,2,1,1,4,1340,2295,0,0,"no","yes",0,8,14,14,15,13,15,14,0,"no",4,14,14,14.5,1,FALSE,3289
"GP","M",17,"U","GT3","T",3,3,"health","other","home","mother",1,1,"no","yes","no","yes","yes","yes","no",4,4,3,1,3,5,1341,2296,0,0,"no","yes",0,4,14,14,15,12,15,11,0,"no",2,14,13.5,13,2,FALSE,3290
"GP","F",19,"U","GT3","T",4,4,"health","other","reputation","other",2,2,"no","yes","yes","yes","yes","yes","no",2,3,4,2,3,2,1342,2297,0,0,"no","yes",2,0,14,10,13,9,13,0,0,"no",1,12,11,6.5,2.5,TRUE,3291
"GP","F",18,"U","LE3","T",4,3,"other","other","home","other",2,2,"no","yes","no","yes","yes","yes","yes",4,4,5,1,2,2,1343,2298,0,0,"no","yes",0,10,13,10,14,8,14,8,0,"no",5,11.5,11,11,1.5,FALSE,3292
"GP","F",18,"U","GT3","T",4,3,"other","other","reputation","father",1,4,"no","yes","no","yes","yes","yes","no",4,3,3,1,1,3,1344,2299,0,0,"no","yes",0,0,16,14,17,13,17,14,0,"no",0,15,15,15.5,1,FALSE,3293
"GP","M",18,"U","LE3","T",4,4,"teacher","teacher","home","mother",1,1,"no","yes","no","yes","yes","yes","yes",1,4,2,2,2,1,1345,2300,0,0,"no","yes",0,5,18,16,18,15,17,16,0,"no",2.5,17,16.5,16.5,2,FALSE,3294
"GP","F",18,"U","LE3","A",4,4,"health","other","home","mother",1,2,"no","yes","no","yes","yes","yes","yes",4,2,4,1,1,4,1346,2301,0,0,"yes","no",0,14,14,12,15,10,15,11,0,"no",7,13,12.5,13,1,FALSE,3295
"GP","M",17,"U","LE3","T",4,4,"other","teacher","home","father",2,1,"no","no","no","yes","yes","yes","no",4,1,1,2,2,5,1347,2302,0,0,"no","yes",0,0,12,11,13,11,13,10,0,"no",0,11.5,12,11.5,2,FALSE,3296
"GP","F",17,"U","GT3","T",4,2,"other","other","reputation","mother",2,3,"no","yes","no","yes","yes","yes","no",4,3,3,1,1,3,1349,2303,0,0,"no","yes",0,0,16,15,16,12,16,14,0,"no",0,15.5,14,15,1,FALSE,3297
"GP","F",17,"U","GT3","T",3,2,"health","health","reputation","father",1,4,"no","yes","yes","no","yes","yes","no",5,2,2,1,2,5,1350,2304,0,0,"no","yes",0,0,18,17,18,17,18,18,0,"no",0,17.5,17.5,18,1.5,FALSE,3298
"GP","M",20,"U","GT3","A",3,2,"services","other","course","other",1,1,"no","no","yes","yes","yes","no","no",5,5,3,1,1,5,1352,2307,2,0,"no","no",0,0,14,17,15,18,15,18,1,"no",0,15.5,16.5,16.5,1,FALSE,3299
"GP","M",19,"R","GT3","T",3,3,"other","services","reputation","father",1,2,"no","no","yes","yes","yes","no","yes",4,5,3,1,2,5,1353,2309,0,1,"no","no",0,0,10,15,10,12,11,12,0.5,"no",0,12.5,11,11.5,1.5,FALSE,3300
"GP","F",18,"U","GT3","T",2,1,"services","other","course","mother",2,2,"no","yes","yes","yes","yes","yes","no",5,3,3,1,2,1,1355,2317,0,0,"no","yes",2,0,12,8,12,8,15,0,0,"no",1,10,10,7.5,1.5,FALSE,3301
"GP","F",18,"U","GT3","T",4,3,"other","other","course","mother",1,3,"no","yes","yes","yes","yes","yes","yes",4,3,4,1,1,5,1358,2318,0,0,"no","yes",2,9,14,9,15,10,17,9,0,"no",5.5,11.5,12.5,13,1,FALSE,3302
"GP","F",17,"R","GT3","T",3,4,"at_home","services","course","father",1,3,"no","yes","yes","no","yes","yes","no",4,3,4,2,5,5,1360,2319,0,0,"no","yes",2,0,15,11,15,11,17,10,0,"no",1,13,13,13.5,3.5,TRUE,3303
"GP","F",18,"U","GT3","T",4,4,"teacher","other","course","mother",1,2,"no","yes","no","yes","yes","yes","no",4,4,4,3,3,5,1363,2320,0,0,"no","yes",0,2,12,11,11,11,13,11,0,"no",1,11.5,11,12,3,TRUE,3304
"GP","F",17,"U","GT3","A",4,3,"services","services","course","mother",1,2,"no","yes","no","yes","yes","yes","yes",5,2,2,1,2,5,1366,2321,0,0,"no","yes",14,23,15,13,14,13,17,13,0,"no",18.5,14,13.5,15,1.5,FALSE,3305
"GP","F",17,"U","GT3","T",2,2,"other","other","course","mother",1,2,"no","yes","no","yes","yes","no","yes",4,2,2,1,1,3,1373,2322,0,0,"no","no",4,12,14,11,13,9,13,9,0,"no",8,12.5,11,11,1,FALSE,3306
"GP","F",17,"R","LE3","T",2,2,"services","services","course","mother",1,3,"no","yes","yes","yes","yes","yes","no",3,3,2,2,2,3,1374,2323,0,0,"no","yes",0,3,11,11,11,11,10,11,0,"no",1.5,11,11,10.5,2,FALSE,3307
"GP","F",17,"U","GT3","T",3,1,"services","services","course","father",1,3,"no","yes","no","no","yes","yes","no",3,4,3,2,3,5,1375,2324,0,0,"no","no",0,1,17,12,18,14,17,15,0,"no",0.5,14.5,16,16,2.5,TRUE,3308
"GP","F",17,"U","LE3","T",0,2,"at_home","at_home","home","father",2,3,"no","no","no","yes","yes","yes","no",3,3,3,2,3,2,1376,2325,0,0,"no","no",0,0,14,16,14,15,15,15,0,"no",0,15,14.5,15,2.5,TRUE,3309
"GP","M",18,"U","GT3","T",4,4,"other","other","course","mother",1,3,"no","no","yes","yes","yes","yes","no",4,3,3,2,2,3,1378,2326,0,0,"no","no",0,3,13,9,14,12,13,11,0,"no",1.5,11,13,12,2,FALSE,3310
"GP","M",17,"U","GT3","T",3,3,"other","services","reputation","mother",1,1,"no","no","yes","no","yes","yes","no",4,3,5,3,5,5,1379,2327,0,0,"no","no",0,3,17,14,18,15,17,16,0,"no",1.5,15.5,16.5,16.5,4,TRUE,3311
"GP","M",17,"R","GT3","T",2,2,"services","other","course","mother",4,1,"no","yes","no","yes","yes","yes","no",4,4,5,5,5,4,1380,2328,0,0,"no","no",2,8,11,11,10,10,10,10,0,"no",5,11,10,10,5,TRUE,3312
"GP","F",17,"U","GT3","T",4,4,"teacher","services","course","mother",1,3,"no","yes","yes","yes","yes","yes","no",5,4,4,1,3,4,1381,2329,0,0,"no","yes",0,7,13,10,12,9,13,9,0,"no",3.5,11.5,10.5,11,2,FALSE,3313
"GP","F",17,"U","GT3","T",4,4,"teacher","teacher","course","mother",2,3,"no","yes","no","no","yes","yes","yes",4,3,3,1,2,4,1382,2330,0,0,"no","yes",4,4,15,14,14,14,15,14,0,"no",4,14.5,14,14.5,1.5,FALSE,3314
"GP","M",18,"U","LE3","T",2,2,"other","other","course","mother",1,4,"no","yes","yes","yes","yes","yes","no",4,5,5,2,4,5,1384,2331,0,0,"yes","no",0,2,11,9,11,8,12,8,0,"no",1,10,9.5,10,3,TRUE,3315
"GP","F",17,"R","GT3","T",2,4,"at_home","other","course","father",1,3,"no","yes","no","yes","yes","yes","yes",4,4,3,1,1,5,1387,2332,0,0,"no","no",0,7,15,12,15,14,15,14,0,"no",3.5,13.5,14.5,14.5,1,FALSE,3316
"GP","F",18,"U","GT3","T",3,3,"services","services","home","mother",1,2,"no","no","yes","yes","yes","yes","no",5,3,4,1,1,4,1389,2333,0,0,"no","no",8,0,10,7,11,0,12,0,0,"no",4,8.5,5.5,6,1,FALSE,3317
"GP","F",18,"U","LE3","T",2,2,"other","other","home","other",1,2,"no","no","yes","no","yes","yes","yes",4,3,3,1,1,2,1390,2334,0,0,"no","no",0,0,10,8,9,8,12,0,0,"no",0,9,8.5,6,1,FALSE,3318
"GP","F",18,"R","GT3","T",2,2,"at_home","other","course","mother",2,4,"no","no","yes","yes","yes","no","no",4,4,4,1,1,4,1391,2335,0,0,"no","no",6,0,14,10,13,9,14,0,0,"no",3,12,11,7,1,FALSE,3319
"GP","F",17,"U","GT3","T",3,4,"services","other","course","mother",1,3,"no","no","no","yes","yes","yes","no",4,4,5,1,3,5,1392,2336,0,0,"no","no",8,16,11,16,13,15,14,15,0,"no",12,13.5,14,14.5,2,FALSE,3320
"GP","F",17,"U","GT3","T",3,2,"other","other","home","mother",1,2,"no","yes","no","yes","yes","yes","yes",4,3,2,2,3,2,1393,2338,0,0,"no","yes",0,0,12,7,13,8,15,0,0,"no",0,9.5,10.5,7.5,2.5,TRUE,3321
"GP","F",18,"U","LE3","T",3,3,"services","services","home","mother",1,4,"no","yes","no","yes","yes","yes","no",5,3,3,1,1,1,1394,2339,0,0,"no","no",4,7,14,16,14,15,15,17,0,"no",5.5,15,14.5,16,1,FALSE,3322
"GP","F",17,"R","GT3","A",3,2,"other","other","home","mother",1,2,"no","yes","no","yes","yes","yes","no",4,3,3,2,3,2,1395,2340,0,0,"no","yes",0,4,14,9,14,10,16,10,0,"no",2,11.5,12,13,2.5,TRUE,3323
"GP","M",18,"U","GT3","T",4,4,"teacher","services","home","father",1,2,"no","yes","yes","yes","yes","yes","no",4,3,3,2,2,2,1396,2342,0,1,"no","no",0,0,12,10,12,10,13,0,0.5,"no",0,11,11,6.5,2,FALSE,3324
"GP","M",18,"U","LE3","T",3,4,"services","other","home","mother",1,2,"no","no","yes","yes","yes","yes","yes",4,3,3,1,3,5,1397,2343,0,0,"no","no",6,11,16,16,16,15,17,15,0,"no",8.5,16,15.5,16,2,FALSE,3325
"GP","F",17,"U","GT3","A",2,2,"at_home","at_home","home","father",1,2,"no","yes","no","yes","yes","yes","yes",3,3,1,1,2,4,1398,2344,0,1,"no","no",18,0,10,9,12,8,14,0,0.5,"no",9,9.5,10,7,1.5,FALSE,3326
"GP","F",18,"U","GT3","T",2,3,"at_home","other","course","mother",1,3,"no","yes","no","yes","yes","yes","no",4,3,3,1,2,3,1399,2345,0,0,"no","no",0,4,11,11,12,10,14,10,0,"no",2,11,11,12,1.5,FALSE,3327
"GP","F",18,"U","GT3","T",3,2,"other","services","other","mother",1,3,"no","no","no","yes","yes","yes","yes",5,4,3,2,3,1,1400,2346,0,0,"no","no",4,7,14,13,16,13,17,14,0,"no",5.5,13.5,14.5,15.5,2.5,TRUE,3328
"GP","M",18,"R","GT3","T",4,3,"teacher","services","course","mother",1,3,"no","no","no","yes","yes","yes","yes",5,3,2,1,2,4,1401,2347,0,0,"no","no",4,9,15,16,14,15,17,16,0,"no",6.5,15.5,14.5,16.5,1.5,FALSE,3329
"GP","M",18,"U","GT3","T",4,3,"teacher","other","course","mother",1,3,"no","yes","no","yes","yes","yes","yes",5,4,5,2,3,5,1402,2348,0,0,"no","yes",0,0,14,10,13,10,14,9,0,"no",0,12,11.5,11.5,2.5,TRUE,3330
"GP","F",17,"U","GT3","T",4,3,"health","other","reputation","mother",1,3,"no","yes","yes","yes","yes","yes","yes",4,4,3,1,3,4,1403,2349,0,0,"no","yes",0,0,11,13,12,15,13,15,0,"no",0,12,13.5,14,2,FALSE,3331
"MS","M",18,"R","GT3","T",3,2,"other","other","course","mother",2,1,"no","yes","no","no","yes","yes","no",2,5,5,5,5,5,1577,2350,0,1,"no","no",8,10,9,11,10,13,11,13,0.5,"no",9,10,11.5,12,5,TRUE,3332
"MS","M",19,"R","GT3","T",1,1,"other","services","home","other",3,2,"no","no","no","yes","yes","yes","no",5,4,4,3,3,2,1578,2351,1,3,"no","no",8,8,10,8,9,7,11,8,2,"no",8,9,8,9.5,3,TRUE,3333
"MS","M",17,"U","GT3","T",3,3,"health","other","course","mother",2,2,"no","yes","no","yes","yes","yes","no",4,5,4,2,3,3,1579,2352,1,0,"no","yes",4,2,8,13,9,13,10,13,0.5,"no",3,10.5,11,11.5,2.5,TRUE,3334
"MS","M",18,"U","LE3","T",1,3,"at_home","services","course","mother",1,1,"no","no","no","yes","no","yes","yes",4,3,3,2,3,3,1580,2353,0,1,"no","no",0,7,9,8,10,7,9,8,0.5,"no",3.5,8.5,8.5,8.5,2.5,TRUE,3335
"MS","M",19,"R","GT3","T",1,1,"other","other","home","other",3,1,"no","yes","no","yes","yes","yes","no",4,4,4,3,3,5,1581,2354,1,1,"no","no",4,4,8,8,9,8,10,8,1,"no",4,8,8.5,9,3,TRUE,3336
"MS","M",17,"R","GT3","T",4,3,"services","other","home","mother",2,2,"no","yes","yes","no","yes","yes","yes",4,5,5,1,3,2,1613,2355,1,0,"yes","yes",4,4,10,13,11,11,11,11,0.5,"no",4,11.5,11,11,2,FALSE,3337
"MS","F",18,"U","GT3","T",3,3,"services","services","course","father",1,2,"no","yes","no","yes","yes","no","yes",5,3,4,1,1,5,1614,2356,0,0,"no","no",0,0,10,10,10,9,10,9,0,"no",0,10,9.5,9.5,1,FALSE,3338
"MS","F",17,"R","GT3","T",4,4,"teacher","services","other","father",2,2,"no","yes","yes","yes","yes","yes","no",4,3,3,1,2,5,1615,2357,0,0,"yes","yes",2,4,12,12,12,13,12,13,0,"no",3,12,12.5,12.5,1.5,FALSE,3339
"MS","F",17,"U","LE3","A",3,2,"services","other","reputation","mother",2,2,"no","no","no","yes","yes","no","yes",1,2,3,1,2,5,1616,2358,0,0,"no","no",0,2,15,12,14,12,15,11,0,"no",1,13.5,13,13,1.5,FALSE,3340
"MS","M",18,"U","LE3","T",1,1,"other","services","home","father",2,1,"no","no","no","no","yes","yes","yes",3,3,2,1,2,3,1617,2359,0,0,"no","no",2,4,14,10,13,10,14,10,0,"no",3,12,11.5,12,1.5,FALSE,3341
"MS","F",18,"U","LE3","T",1,1,"at_home","services","course","father",2,3,"no","no","no","yes","yes","yes","no",5,3,2,1,1,4,1618,2360,0,0,"no","no",0,0,19,18,17,16,18,16,0,"no",0,18.5,16.5,17,1,FALSE,3342
"MS","F",18,"U","GT3","T",3,3,"services","services","other","mother",2,2,"no","yes","no","yes","yes","yes","yes",4,3,2,1,3,3,1620,2363,0,0,"no","no",6,0,13,11,12,11,13,10,0,"no",3,12,11.5,11.5,2,FALSE,3343
"MS","F",17,"U","LE3","T",4,4,"at_home","at_home","course","mother",1,2,"no","yes","yes","yes","yes","yes","yes",2,3,4,1,1,1,1621,2364,0,0,"no","yes",4,0,15,16,14,15,15,15,0,"no",2,15.5,14.5,15,1,FALSE,3344
"MS","F",17,"R","GT3","T",1,2,"other","services","course","father",2,2,"no","no","no","no","yes","no","no",3,2,2,1,2,3,1622,2365,0,0,"no","no",0,0,13,12,13,11,13,12,0,"no",0,12.5,12,12.5,1.5,FALSE,3345
"MS","M",18,"R","GT3","T",1,3,"at_home","other","course","mother",2,2,"no","yes","no","yes","yes","no","no",3,3,4,2,4,3,1623,2366,0,0,"yes","yes",0,4,8,10,10,10,9,10,0,"no",2,9,10,9.5,3,TRUE,3346
"MS","M",18,"U","LE3","T",4,4,"teacher","services","other","mother",2,3,"no","no","no","yes","yes","yes","yes",4,2,2,2,2,5,1624,2367,0,0,"no","yes",0,0,15,13,16,13,16,13,0,"no",0,14,14.5,14.5,2,FALSE,3347
"MS","F",17,"R","GT3","T",1,1,"other","services","reputation","mother",3,1,"no","yes","no","yes","yes","yes","yes",5,2,1,1,2,1,1625,2368,1,1,"no","yes",0,0,8,7,8,6,9,0,1,"no",0,7.5,7,4.5,1.5,FALSE,3348
"MS","F",18,"U","GT3","T",2,3,"at_home","services","course","father",2,1,"no","yes","no","yes","yes","yes","yes",5,2,3,1,2,4,1626,2369,0,0,"no","yes",0,0,10,11,10,10,10,10,0,"no",0,10.5,10,10,1.5,FALSE,3349
"MS","F",18,"R","GT3","T",4,4,"other","teacher","other","father",3,2,"no","yes","no","no","yes","yes","yes",3,2,2,4,2,5,1627,2370,0,0,"no","yes",0,10,7,14,5,12,0,11,0,"no",5,10.5,8.5,5.5,3,TRUE,3350
"MS","M",18,"R","LE3","T",1,2,"at_home","services","other","father",3,1,"no","yes","yes","yes","no","yes","yes",4,3,3,2,3,3,1628,2372,0,0,"no","yes",3,3,9,14,10,12,10,12,0,"no",3,11.5,11,11,2.5,TRUE,3351
"MS","F",17,"U","GT3","T",2,2,"other","at_home","home","mother",1,3,"no","no","yes","yes","yes","no","yes",3,4,3,1,1,3,1629,2373,0,0,"no","no",8,8,10,13,11,11,12,11,0,"no",8,11.5,11,11.5,1,FALSE,3352
"MS","F",17,"R","GT3","T",1,2,"other","other","course","mother",1,1,"no","no","yes","yes","yes","yes","no",3,5,5,1,3,1,1630,2374,0,0,"no","no",4,14,7,6,8,5,9,5,0,"no",9,6.5,6.5,7,2,FALSE,3353
"MS","F",18,"R","LE3","T",4,4,"other","other","reputation","mother",2,3,"no","no","no","yes","yes","yes","no",5,4,4,1,1,1,1631,2375,0,0,"no","no",0,0,15,19,17,18,17,19,0,"no",0,17,17.5,18,1,FALSE,3354
"MS","F",18,"R","GT3","T",1,1,"other","other","home","mother",4,3,"no","no","no","yes","yes","yes","no",4,3,2,1,2,4,1632,2376,0,0,"no","no",4,2,10,8,11,8,12,10,0,"no",3,9,9.5,11,1.5,FALSE,3355
"MS","F",18,"R","LE3","T",4,4,"teacher","services","course","mother",1,2,"no","no","yes","yes","yes","yes","no",5,4,3,3,4,2,1634,2378,0,0,"no","yes",1,4,13,8,14,9,14,10,0,"no",2.5,10.5,11.5,12,3.5,TRUE,3356
"MS","F",18,"U","GT3","T",3,3,"other","other","home","mother",1,2,"no","no","no","yes","yes","yes","yes",4,1,3,1,2,1,1635,2379,0,0,"no","yes",1,0,16,15,16,15,16,15,0,"no",0.5,15.5,15.5,15.5,1.5,FALSE,3357
"MS","F",17,"R","GT3","T",3,1,"at_home","other","reputation","mother",1,2,"no","yes","yes","no","yes","yes","no",4,5,4,2,3,1,1636,2380,0,0,"no","yes",10,17,8,10,9,10,9,10,0,"no",13.5,9,9.5,9.5,2.5,TRUE,3358
"MS","M",18,"U","GT3","T",4,4,"teacher","teacher","home","father",1,2,"no","no","yes","no","yes","yes","no",3,2,4,1,4,2,1637,2381,0,0,"no","yes",4,4,17,15,18,14,19,14,0,"no",4,16,16,16.5,2.5,TRUE,3359
"MS","M",18,"R","GT3","T",2,1,"other","other","other","mother",2,1,"no","no","yes","no","yes","yes","yes",4,4,3,1,3,5,1638,2382,0,0,"no","no",0,5,7,7,7,6,0,7,0,"no",2.5,7,6.5,3.5,2,FALSE,3360
"MS","M",17,"U","GT3","T",2,3,"other","services","home","father",2,2,"no","no","yes","yes","yes","yes","no",4,4,3,1,1,3,1639,2383,0,0,"no","no",4,2,14,11,15,11,16,10,0,"no",3,12.5,13,13,1,FALSE,3361
"MS","M",19,"R","GT3","T",1,1,"other","services","other","mother",2,1,"no","no","no","yes","yes","no","no",4,3,2,1,3,5,1640,2384,1,1,"no","no",0,0,5,6,8,5,0,0,1,"no",0,5.5,6.5,0,2,FALSE,3362
"MS","M",18,"R","GT3","T",4,2,"other","other","home","father",2,1,"no","no","no","yes","yes","no","no",5,4,3,4,3,3,1641,2385,1,1,"yes","yes",0,14,7,6,7,5,0,5,1,"no",7,6.5,6,2.5,3.5,TRUE,3363
"MS","F",18,"R","GT3","T",2,2,"at_home","other","other","mother",2,3,"no","no","no","yes","yes","no","no",5,3,3,1,3,4,1642,2386,0,0,"no","yes",0,2,14,10,17,9,15,10,0,"no",1,12,13,12.5,2,FALSE,3364
"MS","F",18,"R","GT3","T",4,4,"teacher","at_home","reputation","mother",3,1,"no","yes","yes","yes","yes","yes","yes",4,4,3,2,2,5,1644,2387,0,0,"no","yes",4,7,7,6,9,5,10,6,0,"no",5.5,6.5,7,8,2,FALSE,3365
"MS","F",19,"R","GT3","T",2,3,"services","other","course","mother",1,3,"no","no","yes","no","yes","yes","no",5,4,2,1,2,5,1645,2388,1,1,"no","no",4,0,10,7,11,5,10,0,1,"no",2,8.5,8,5,1.5,FALSE,3366
"MS","F",18,"U","LE3","T",3,1,"teacher","services","course","mother",1,2,"no","yes","no","yes","yes","yes","no",4,3,4,1,1,1,1646,2389,0,0,"no","yes",4,0,15,7,15,9,16,8,0,"no",2,11,12,12,1,FALSE,3367
"MS","F",18,"U","GT3","T",1,1,"other","other","course","mother",2,2,"no","no","yes","yes","yes","no","no",1,1,1,1,1,5,1647,2390,0,1,"no","no",6,0,11,6,12,5,9,0,0.5,"no",3,8.5,8.5,4.5,1,FALSE,3368
"MS","M",17,"U","LE3","T",3,1,"services","services","course","mother",2,1,"no","no","no","no","yes","yes","no",2,4,5,3,4,2,1648,2392,0,0,"no","no",6,3,10,14,10,16,10,16,0,"no",4.5,12,13,13,3.5,TRUE,3369
"MS","M",18,"R","LE3","T",3,2,"services","other","course","mother",3,1,"no","no","no","no","yes","yes","no",4,4,1,3,4,5,1649,2394,0,0,"no","no",4,0,10,11,11,12,11,10,0,"no",2,10.5,11.5,10.5,3.5,TRUE,3370
